id,email,gender,ssc,hsc,quantitative_ability,logical_reasoning,english_proficiency,automata_score,computer_science_score,internships,backlogs,projects,branch,cgpa,placed_sector
1,rwhitmell0@independent.co.uk,0,87.85,79.771,79.005,99.934,71.921,91.437,91.415,,,4,IT,7.53,FinTech
2,bgregory1@reference.com,0,53.307,57.952,90.76,68.509,85.333,90.539,94.626,5,,1,CS,8.13,Startup
3,qmoult2@sciencedaily.com,1,79.973,88.228,87.872,85.311,99.404,71.203,74.121,2,,7,EnTC,9.97,Product
4,tsiege3@mediafire.com,0,97.934,74.965,81.667,92.008,77.299,71.309,89.063,3,,1,IT,9.34,FinTech
5,jslowey4@artisteer.com,0,82.761,57.869,72.017,80.981,94.424,94.019,78.379,3,,10,CS,6.36,Startup
6,aclick5@dyndns.org,0,68.824,84.604,79.123,92.236,95.404,75.157,90.712,,,2,IT,6.54,Service
7,grizzardo6@sakura.ne.jp,0,51.787,98.139,74.139,88.785,77.303,88.847,84.213,5,,7,CS,7.02,FinTech
8,mramelot7@washington.edu,1,77.771,89.792,73.879,88.187,97.547,85.925,66.802,,1,4,EnTC,7.34,FinTech
9,lvarley8@topsy.com,0,82.879,84.019,86.077,94.596,84.295,70.648,81.871,,,2,IT,6.75,Product
10,gnijssen9@mail.ru,0,93.881,67.335,80.965,99.179,77.261,96.354,98.271,4,,1,IT,6.97,Product
11,ekellea@canalblog.com,0,91.003,61.153,80.384,73.946,68.275,67.192,95.708,5,,7,IT,9.74,FinTech
12,tgreedb@feedburner.com,0,97.14,70.646,71.147,83.524,74.601,97.744,80.247,3,,8,CS,7.8,Startup
13,astanningc@odnoklassniki.ru,0,93.863,61.299,73.149,96.228,90.905,69.728,86.069,3,,3,IT,6.75,FinTech
14,kheskinsd@people.com.cn,1,65.713,85.076,83.287,67.698,78.79,94.596,99.368,3,,8,IT,7.64,Startup
15,ysrawleye@gnu.org,1,68.127,67.458,97.296,69.48,69.558,94.409,79.853,4,,1,IT,6.04,Service
16,ggrabiecf@behance.net,0,94.105,79.606,71.186,82.661,97.487,66.249,81.864,,,10,EnTC,8.8,FinTech
17,rnewsomeg@hostgator.com,1,72.332,66.439,66.23,92.339,88.276,91.472,85.1,1,4,5,IT,9.17,Product
18,jreadwoodh@ehow.com,0,58.997,55.713,95.703,74.204,95.471,99.043,79.658,1,,7,CS,6.5,FinTech
19,aallenderi@uol.com.br,1,99.383,74.848,84.546,81.768,69.801,74.953,85.664,1,,2,EnTC,6.03,FinTech
20,bodbyj@digg.com,0,58.49,89.951,71.013,86.231,86.354,66.312,82.271,,,10,EnTC,8.24,FinTech
21,epeoplek@1688.com,1,60.481,79.883,85.391,89.608,95.835,87.015,78.373,5,,10,IT,9.91,Product
22,tkinnardl@globo.com,0,85.281,67.918,87.235,72.295,90.45,88.585,74.493,3,,9,IT,9.8,Startup
23,btommism@bravesites.com,0,98.328,85.362,74.291,79.388,65.894,81.315,91.092,1,,7,IT,9.27,Product
24,tosheerinn@mapy.cz,0,71.07,51.229,81.314,94.926,72.894,80.767,96.157,5,,9,CS,9.31,Service
25,avassaro@google.pl,0,56.446,95.261,90.057,83.596,92.501,75.053,95.782,1,3,4,CS,9.74,Product
26,sbagbyp@mit.edu,0,59.876,77.007,80.281,76.896,78.285,76.527,76.529,5,5,6,IT,6.42,Service
27,aelcoxq@odnoklassniki.ru,1,63.315,90.905,98.879,78.055,74.836,73.793,74.308,4,,1,IT,6.55,Product
28,dgresserr@delicious.com,1,98.493,97.061,83.414,79.519,84.758,93.839,78.391,3,,3,CS,9.54,Startup
29,cnorssisters@godaddy.com,0,73.176,50.114,77.268,87.942,78.065,91.154,92.556,,,5,EnTC,8.92,FinTech
30,amaffuccit@phpbb.com,0,99.537,98.587,65.263,72.935,72.471,92.475,68.51,1,,2,CS,8.99,Service
31,cjeaffresonu@google.fr,1,83.159,58.629,96.397,96.275,87.94,77.442,67.316,4,4,8,IT,8.34,Startup
32,iginglev@trellian.com,1,52.078,87.046,86.33,98.31,84.517,68.6,87.068,3,,9,IT,9.31,Startup
33,tbenedidickw@admin.ch,0,84.617,91.478,89.22,66.223,71.388,94.275,87.666,5,,2,IT,6.86,FinTech
34,wreussx@constantcontact.com,1,82.584,87.576,86.821,88.528,87.954,93.013,72.513,,,8,IT,9.25,FinTech
35,cclarksony@hao123.com,1,57.43,84.663,70.852,87.567,78.516,90.826,90.709,,,4,IT,9.36,FinTech
36,ncliftz@soup.io,0,55.18,90.861,86.109,90.672,97.629,95.033,74.581,,5,6,IT,7.07,Product
37,ldudson10@seattletimes.com,1,81.452,59.936,73.806,93.032,72.618,99.57,78.211,2,,9,IT,6.68,Startup
38,aminelli11@who.int,1,68.613,94.553,84.425,76.924,94.331,85.597,90.128,,2,8,IT,8.48,Service
39,kmccurtain12@behance.net,0,88.747,81.509,88.619,83.462,91.853,72.972,82.143,,,8,EnTC,7.11,Service
40,adamrell13@ning.com,0,88.197,69.434,68.053,99.129,67.802,66.805,74.341,,,2,CS,6.03,Service
41,wkeighley14@ehow.com,0,56.569,98.649,74.82,68.64,84.534,72.548,84.913,4,2,6,IT,8.01,Product
42,eonn15@craigslist.org,0,63.962,78.448,80.507,99.179,80.557,99.538,70.611,,1,7,CS,8.2,Startup
43,nfoster16@theatlantic.com,1,51.416,79.526,71.035,77.886,91.54,76.703,66.073,3,,7,IT,9.23,FinTech
44,bgregory17@purevolume.com,1,50.485,89.177,98.855,93.298,78.173,70.442,96.347,1,,3,CS,8.63,FinTech
45,zbuxey18@meetup.com,0,64.709,93.337,89.76,75.386,86.761,98.67,79.039,4,,5,IT,8.16,Service
46,rlongcake19@163.com,1,68.716,70.349,73.322,86.986,91.094,92.174,66.068,2,,2,EnTC,9.74,Startup
47,dscorton1a@latimes.com,0,73.362,78.568,71.779,71.247,96.715,91.093,98.459,4,3,4,EnTC,7.85,Startup
48,rellard1b@china.com.cn,0,52.526,94.819,91.276,84.603,68.987,78.361,80.408,,5,2,IT,8.68,FinTech
49,hdedomenico1c@aol.com,0,71.448,93.63,84.051,90.883,87.994,69.004,75.433,,4,2,CS,7.43,Startup
50,ktesoe1d@sourceforge.net,1,98.709,99.024,85.546,71.22,75.943,86.884,87.316,,,7,EnTC,7.96,Service
51,cbenkhe1e@photobucket.com,0,56.419,74.388,98.442,94.498,95.536,73.753,79.786,,,9,EnTC,9.11,Service
52,emannooch1f@bing.com,1,81.524,76.338,71.058,97.077,79.576,67.303,84.971,,,5,IT,9.59,Startup
53,eemmison1g@feedburner.com,0,96.882,88.176,76.021,69.229,98.385,99.486,79.477,,,10,IT,7.46,Product
54,mcases1h@symantec.com,1,88.149,50.319,79.553,65.981,67.526,88.28,97.888,1,,1,EnTC,7.51,Service
55,ppashenkov1i@psu.edu,1,54.841,55.048,85.717,90.218,82.586,71.486,67.38,3,,6,EnTC,8.53,FinTech
56,zbagguley1j@sciencedirect.com,1,84.168,97.235,79.698,72.611,86.983,76.626,65.799,,3,6,CS,8.76,FinTech
57,gdesquesnes1k@youku.com,0,61.515,67.642,67.941,97.425,73.111,96.501,92.511,2,,5,IT,8.19,FinTech
58,ecathrae1l@istockphoto.com,1,87.908,50.476,74.126,79.803,94.321,65.995,75.071,,,2,IT,6.8,Service
59,mbenedyktowicz1m@ucoz.ru,0,91.814,50.679,96.506,77.551,95.928,84.101,82.69,2,,4,EnTC,8.55,Startup
60,gdanton1n@joomla.org,1,97.13,52.071,71.933,92.712,86.034,94.867,76.812,,4,6,CS,6.7,FinTech
61,konele1o@yolasite.com,0,70.398,72.419,80.828,72.561,84.948,89.256,66.316,5,,6,EnTC,7.38,Startup
62,ltrighton1p@slate.com,1,84.477,69.492,79.794,67.255,81.848,67.648,84.263,1,4,9,CS,8.37,Service
63,epickavant1q@networkadvertising.org,1,59.494,64.587,94.654,75.184,90.224,84.743,70.364,5,,3,CS,7.45,FinTech
64,lsommerfeld1r@paypal.com,1,71.31,83.481,85.755,76.801,87.566,67.648,96.127,,5,8,EnTC,9.39,Product
65,cgorsse1s@tinypic.com,0,69.341,79.238,91.763,66.136,79.202,68.272,77.405,2,,1,EnTC,9.82,Product
66,averbeek1t@uol.com.br,0,85.214,78.164,98.427,95.592,98.284,72.173,93.151,1,3,5,CS,6.94,FinTech
67,rcockland1u@wp.com,0,81.989,65.84,79.08,73.86,78.828,85.848,72.426,2,,10,CS,8.44,Service
68,nhardison1v@uol.com.br,0,66.94,80.277,73.619,84.013,93.011,74.917,96.081,,,3,IT,8.65,Service
69,psivil1w@imdb.com,0,80.762,87.134,67.212,90.612,86.793,97.682,88.395,1,,6,CS,6.66,Service
70,kphilimore1x@illinois.edu,1,83.73,83.034,66.141,78.488,98.819,73.141,71.07,4,,10,CS,6.21,Product
71,mwingham1y@economist.com,0,72.735,67.372,67.207,67.213,91.504,88.322,84.943,,2,7,IT,9.69,Startup
72,phalgarth1z@amazon.co.jp,1,84.496,72.143,92.772,73.597,89.098,85.758,91.05,3,,2,EnTC,7.33,Startup
73,bgrier20@aboutads.info,0,91.932,92.157,85.512,84.357,70.124,92.0,85.957,1,,7,EnTC,7.48,Service
74,efishenden21@vistaprint.com,0,76.867,53.864,77.177,81.232,84.892,85.859,78.526,,,8,CS,7.69,Product
75,mchattey22@bluehost.com,1,63.082,88.283,75.26,79.292,79.761,66.062,69.278,3,4,5,CS,6.36,Service
76,mselwood23@utexas.edu,1,99.378,87.495,94.225,72.613,74.789,74.377,93.372,3,,1,IT,9.5,Product
77,nfontell24@clickbank.net,0,75.786,98.499,89.877,83.875,68.592,84.799,88.021,5,4,6,IT,8.9,Product
78,bgeck25@cocolog-nifty.com,0,58.91,71.129,75.526,93.462,96.985,81.773,89.52,,,8,EnTC,6.07,Service
79,ycolquite26@desdev.cn,1,79.023,90.476,65.561,76.317,74.135,73.925,77.14,2,,4,IT,7.53,Product
80,dmatthewes27@ovh.net,1,72.588,94.983,75.251,91.847,85.696,74.462,89.353,2,,2,CS,7.02,Startup
81,wbennike28@discuz.net,0,81.718,56.738,80.024,95.572,65.121,73.996,87.9,2,,10,EnTC,9.24,Service
82,rdorre29@hugedomains.com,0,52.583,67.983,98.158,71.605,89.808,87.057,79.629,4,,8,CS,9.59,Startup
83,sgeorgeau2a@4shared.com,1,92.205,91.992,77.235,69.376,75.861,87.752,84.707,5,,4,EnTC,8.4,Product
84,aspenceley2b@boston.com,0,69.081,73.955,71.787,71.435,73.855,89.249,83.65,5,,10,CS,8.42,FinTech
85,vattestone2c@google.de,0,59.636,71.166,82.347,73.113,73.306,84.872,70.329,3,,5,EnTC,8.24,Service
86,nsutherland2d@cnn.com,1,90.97,57.328,88.265,69.05,78.637,92.893,97.913,3,,9,EnTC,9.76,Service
87,bklehyn2e@elpais.com,1,65.029,60.541,76.266,77.982,87.533,69.268,78.29,3,,6,IT,8.84,Product
88,wocarran2f@slashdot.org,1,66.949,71.227,85.501,79.518,98.737,90.999,65.368,1,,8,CS,9.78,Product
89,lcalderonello2g@apache.org,1,67.886,70.126,65.6,65.282,85.456,77.107,92.841,5,,10,EnTC,7.62,FinTech
90,mflorey2h@php.net,0,83.651,97.625,79.732,80.562,85.116,82.143,85.559,,,8,EnTC,7.4,FinTech
91,ningon2i@virginia.edu,1,62.713,62.477,84.555,87.565,85.157,91.071,66.134,5,,6,IT,9.11,Startup
92,hitchingham2j@ebay.com,0,94.507,99.868,79.714,96.182,98.627,80.224,95.323,,,2,IT,6.88,FinTech
93,ggodson2k@desdev.cn,1,60.561,77.379,67.376,92.348,84.244,86.913,94.869,1,4,1,CS,8.67,Product
94,bmullany2l@blogtalkradio.com,1,76.032,61.927,82.256,85.31,94.727,91.993,75.949,2,,6,IT,8.8,Service
95,floosemore2m@feedburner.com,0,69.088,52.127,90.951,93.53,75.379,92.809,69.234,2,,3,IT,9.07,Startup
96,pdalton2n@upenn.edu,1,59.066,56.682,68.369,95.252,95.92,66.923,75.196,3,,8,IT,8.78,Startup
97,mseagrave2o@ustream.tv,1,87.147,58.23,89.377,76.309,92.145,82.842,95.397,2,,6,CS,6.37,Startup
98,rhirjak2p@oakley.com,1,84.054,81.152,93.114,96.075,72.643,65.904,98.911,5,4,4,IT,7.77,Product
99,jdarville2q@cmu.edu,0,58.561,75.814,95.114,69.679,87.223,89.837,92.172,2,2,5,CS,6.29,Product
100,lgilliat2r@youtu.be,1,51.563,53.688,70.677,85.675,92.672,78.236,92.676,2,,7,CS,8.06,FinTech
101,astickins2s@last.fm,1,68.028,51.827,69.993,76.32,90.68,94.369,94.919,5,,7,EnTC,6.03,Startup
102,vlerer2t@youtube.com,1,78.95,83.237,87.444,65.926,86.814,87.475,95.574,2,,9,EnTC,8.21,FinTech
103,wexcell2u@umn.edu,0,80.69,79.059,67.771,85.401,75.907,72.089,83.399,4,2,8,EnTC,9.97,Startup
104,bgloy2v@homestead.com,0,96.114,73.462,70.239,90.668,99.072,82.933,74.662,,5,1,IT,8.39,Service
105,lkeneleyside2w@ted.com,1,70.11,88.435,78.376,71.691,66.523,89.137,83.599,,4,5,IT,9.2,Product
106,eclewley2x@dedecms.com,0,77.628,96.621,83.307,67.341,77.802,65.598,98.073,,,6,EnTC,6.01,FinTech
107,cmelchior2y@cyberchimps.com,0,73.679,59.441,78.256,81.835,71.591,96.764,80.455,,,2,EnTC,8.05,FinTech
108,bbleiman2z@google.ca,1,56.102,68.251,88.736,80.416,88.044,68.96,90.285,1,,5,CS,7.6,Startup
109,fvickors30@addtoany.com,0,97.395,88.489,86.902,88.113,97.453,82.435,97.885,3,,2,EnTC,7.03,Product
110,tjochens31@hhs.gov,1,75.522,72.695,87.473,67.314,82.561,87.392,79.592,2,,1,IT,9.41,FinTech
111,ryurkevich32@blogs.com,0,83.228,60.429,82.211,92.251,96.593,79.452,86.137,,,10,EnTC,8.5,Service
112,ncapelin33@ft.com,1,84.044,67.877,92.017,98.544,95.949,94.871,89.549,5,1,10,EnTC,9.84,Startup
113,yhandrok34@va.gov,0,50.136,89.756,89.45,68.128,96.344,66.208,79.855,1,,7,IT,6.44,Service
114,tmelley35@unblog.fr,1,92.891,78.357,65.445,96.945,86.791,71.461,95.736,3,,6,IT,9.34,Service
115,lruddick36@amazon.co.jp,0,58.36,63.543,97.87,89.297,73.043,70.39,72.598,5,3,6,CS,6.1,Product
116,cthebeaud37@liveinternet.ru,1,56.085,53.34,74.421,95.693,94.446,74.54,65.416,4,,4,IT,6.64,Service
117,lwalkington38@behance.net,1,91.28,69.366,79.597,92.028,70.303,83.462,97.556,,,4,CS,6.39,Service
118,nsedgeworth39@vistaprint.com,0,71.627,84.997,65.156,94.026,87.212,78.573,75.651,,3,1,CS,7.78,FinTech
119,lsicely3a@gov.uk,1,60.217,58.936,95.478,86.54,79.483,92.036,76.412,5,,5,EnTC,8.2,Service
120,dfiloniere3b@mayoclinic.com,0,55.653,62.749,75.538,82.263,82.305,72.016,88.422,3,,10,CS,9.53,Product
121,kbeauvais3c@people.com.cn,1,52.855,86.637,78.908,79.796,91.385,72.702,77.325,5,,7,CS,7.14,Startup
122,cmoscone3d@i2i.jp,0,74.697,50.715,68.426,67.527,72.527,67.04,66.27,3,,9,EnTC,9.31,Startup
123,kspadaro3e@webnode.com,1,66.846,74.87,71.489,79.678,65.789,84.539,79.599,,,10,CS,9.7,Product
124,dnoblet3f@jigsy.com,0,61.615,70.343,66.543,85.65,77.829,87.288,77.563,3,,10,CS,7.13,Service
125,lwoollard3g@ft.com,1,90.025,54.542,75.518,85.465,95.907,95.027,67.717,,,3,EnTC,8.91,Product
126,aemeline3h@eepurl.com,1,78.755,90.934,70.96,66.117,85.237,96.672,85.464,2,4,5,IT,8.1,Startup
127,nmacevilly3i@macromedia.com,1,52.071,73.968,76.562,73.004,86.979,89.003,73.719,3,,2,IT,6.41,FinTech
128,idivill3j@bandcamp.com,1,57.914,69.162,72.675,89.429,67.917,79.0,79.055,1,,4,IT,9.58,FinTech
129,asimenon3k@sohu.com,0,54.015,94.283,69.012,78.786,92.609,71.185,96.054,5,,2,EnTC,7.52,Startup
130,thawney3l@flavors.me,1,78.009,76.514,93.746,73.633,98.651,97.957,76.692,5,5,10,CS,9.64,Startup
131,vpouck3m@auda.org.au,0,56.606,75.786,68.482,79.293,83.2,90.042,97.017,3,,7,EnTC,8.01,Service
132,tlutton3n@ox.ac.uk,0,95.192,68.283,71.835,89.496,87.07,87.914,78.805,2,,3,IT,6.82,Product
133,dsauvage3o@myspace.com,1,99.301,57.026,89.132,86.072,68.48,93.006,73.272,1,,7,EnTC,9.9,Startup
134,sgioani3p@nydailynews.com,0,89.269,95.555,84.262,79.359,81.743,85.042,83.35,,3,5,EnTC,9.32,Startup
135,fhavers3q@merriam-webster.com,1,71.08,87.768,80.24,65.961,66.071,98.903,91.727,4,,8,CS,9.2,Product
136,nmundwell3r@tripod.com,0,97.199,55.737,70.133,89.269,84.515,79.852,86.365,3,,5,EnTC,9.38,Startup
137,mvasishchev3s@cam.ac.uk,0,50.951,70.562,78.851,76.393,74.57,76.628,86.24,1,,7,EnTC,7.35,Service
138,smurrells3t@list-manage.com,1,86.092,95.138,81.895,68.074,77.684,91.727,67.278,1,,6,CS,8.48,FinTech
139,gdaunter3u@clickbank.net,0,60.822,92.84,88.265,69.26,93.478,86.775,99.753,5,,3,CS,8.62,Product
140,rsteagall3v@reddit.com,1,66.213,71.965,97.538,71.918,98.241,83.65,95.958,5,,9,EnTC,9.48,Startup
141,lfullick3w@whitehouse.gov,1,61.245,99.39,81.068,96.211,73.878,89.671,86.722,5,,1,IT,8.31,Startup
142,nstemp3x@edublogs.org,1,56.31,76.102,75.145,74.236,67.622,93.36,81.554,,5,2,IT,9.69,Service
143,hkinloch3y@abc.net.au,1,66.03,66.536,68.734,97.099,87.235,72.192,98.289,2,,8,CS,7.48,FinTech
144,wpridmore3z@engadget.com,1,56.72,66.744,98.507,99.112,99.693,96.485,96.234,2,,9,IT,9.38,Startup
145,fpinckney40@europa.eu,0,99.623,92.244,69.058,76.518,83.507,66.804,93.992,5,,6,IT,8.84,Product
146,bsproat41@tiny.cc,0,99.627,82.604,74.303,88.527,69.032,98.034,93.69,,,9,CS,6.88,Service
147,aschleswigholstein42@lulu.com,0,95.543,91.046,88.249,66.226,72.516,89.988,70.852,3,,1,EnTC,7.15,Startup
148,cclemanceau43@dagondesign.com,0,56.9,92.69,90.195,72.141,78.254,90.49,95.327,3,,3,EnTC,6.89,FinTech
149,akrout44@mlb.com,0,60.986,82.054,80.032,68.409,70.276,91.431,68.948,5,4,10,IT,9.97,Service
150,sklousner45@smugmug.com,1,95.907,68.103,80.584,84.108,72.877,99.291,88.371,1,,8,EnTC,8.07,Startup
151,bballam46@theguardian.com,1,50.334,80.212,97.306,82.766,95.98,66.813,99.759,2,,9,IT,8.25,Startup
152,izanni47@gnu.org,0,93.299,70.934,90.347,65.437,99.073,69.34,65.681,,,6,IT,9.76,Product
153,gandreopolos48@ycombinator.com,0,72.395,72.407,78.561,65.879,79.602,69.011,81.142,2,1,2,EnTC,7.35,Startup
154,ddurward49@mac.com,1,56.195,69.867,79.189,79.928,89.046,65.692,71.565,4,,1,IT,6.86,Startup
155,tanthoin4a@privacy.gov.au,0,94.385,55.496,67.798,74.585,86.937,83.078,79.401,3,,1,CS,7.4,Product
156,geaton4b@mozilla.org,1,67.441,69.707,79.832,92.805,68.957,92.627,92.182,4,,4,IT,9.21,FinTech
157,jmacgiany4c@google.nl,1,61.256,61.466,91.597,97.889,95.689,94.324,91.887,2,,3,IT,8.45,Service
158,abarrass4d@auda.org.au,0,79.113,78.034,82.373,69.233,74.44,73.872,78.638,4,4,6,EnTC,7.78,Product
159,bbrailey4e@fotki.com,0,65.269,89.457,75.168,91.041,74.061,83.04,89.269,4,,9,EnTC,8.32,Service
160,eszach4f@harvard.edu,0,53.144,54.871,95.43,91.109,68.626,94.364,86.163,2,,7,CS,8.65,Service
161,hstuehmeier4g@newsvine.com,1,92.125,74.516,99.522,71.256,82.293,71.355,80.73,1,2,1,IT,6.21,Startup
162,hheinz4h@mtv.com,0,91.392,85.084,88.868,82.14,92.881,90.732,84.734,5,,9,EnTC,7.08,Product
163,rbrameld4i@ebay.co.uk,1,72.072,84.602,73.445,92.508,68.733,82.687,98.807,1,5,4,IT,6.3,Product
164,nfairest4j@utexas.edu,0,93.809,84.042,92.601,82.155,83.799,85.298,82.017,2,,10,EnTC,8.2,Service
165,anorgate4k@hostgator.com,0,60.177,64.071,70.627,82.002,66.623,72.125,98.524,,,1,EnTC,7.59,FinTech
166,fharkus4l@nps.gov,0,91.645,51.487,71.597,88.96,69.287,75.843,88.101,,,1,IT,8.84,Startup
167,asisnett4m@reverbnation.com,0,97.494,59.478,87.682,66.612,68.519,93.114,89.907,4,,9,CS,7.14,FinTech
168,sdevinn4n@netscape.com,1,98.072,52.59,90.1,66.307,97.171,74.038,79.427,1,2,6,EnTC,9.41,Service
169,wjannasch4o@state.tx.us,1,66.978,59.965,70.369,79.094,76.787,82.758,81.631,,,5,IT,9.42,FinTech
170,dcornick4p@friendfeed.com,0,95.093,70.252,71.206,70.78,96.415,86.947,80.722,4,5,3,EnTC,6.75,FinTech
171,drender4q@yahoo.co.jp,0,79.758,98.001,65.532,85.632,93.849,91.313,82.412,,,5,EnTC,9.13,Product
172,ryorke4r@indiegogo.com,0,56.246,85.412,91.848,86.579,71.773,92.063,70.858,2,,2,CS,7.17,Service
173,carnaldy4s@163.com,0,83.669,83.924,74.28,91.039,89.359,94.147,99.861,,,10,IT,9.0,Startup
174,rcretney4t@arizona.edu,1,70.978,92.25,81.057,88.676,90.808,65.162,77.902,2,,3,EnTC,6.21,Service
175,skearney4u@amazon.co.jp,1,82.435,97.246,87.842,69.118,71.016,91.114,85.513,3,,9,CS,8.25,FinTech
176,skenen4v@google.fr,0,56.886,61.649,82.829,89.65,66.0,72.152,95.031,,3,1,IT,8.13,Startup
177,cmckie4w@china.com.cn,0,82.218,99.265,69.399,72.293,87.549,79.699,87.747,5,3,4,IT,9.89,Service
178,ndown4x@discuz.net,1,77.946,64.043,65.588,78.597,93.764,72.389,70.553,,,6,IT,6.91,Product
179,aridgway4y@un.org,1,61.232,94.545,78.83,74.73,65.03,83.65,93.938,,,2,CS,8.72,Service
180,flemonnier4z@ox.ac.uk,0,58.175,72.594,77.048,74.387,68.249,78.8,84.573,5,,8,CS,9.35,Product
181,kstilwell50@booking.com,1,58.097,97.083,82.313,65.362,81.517,75.446,67.878,2,,8,CS,9.78,Service
182,ctudhope51@amazon.de,1,99.676,84.428,77.913,86.832,74.67,91.08,87.421,1,,6,EnTC,9.5,Product
183,tsibley52@github.io,0,90.292,62.374,67.21,68.138,79.056,73.038,68.166,3,3,8,EnTC,9.4,FinTech
184,bbartholat53@mediafire.com,1,92.196,76.283,71.458,69.439,65.069,79.471,68.933,4,,7,CS,8.66,Startup
185,ldacre54@zdnet.com,0,85.975,61.225,97.993,89.348,87.357,77.455,73.513,4,,5,CS,9.7,Product
186,blessmare55@engadget.com,1,50.503,78.568,78.705,84.81,73.183,65.223,74.759,,5,2,CS,7.42,Product
187,vwevell56@privacy.gov.au,0,61.442,78.088,72.081,92.302,99.394,97.12,88.157,2,,10,IT,9.43,Service
188,apead57@oracle.com,0,61.574,67.271,72.891,72.959,93.724,74.356,90.039,2,,5,IT,7.37,Service
189,vborgars58@fastcompany.com,0,90.198,95.858,80.708,87.359,76.727,66.428,71.554,1,,5,CS,8.81,Service
190,amcneice59@kickstarter.com,1,58.768,55.671,83.393,68.237,69.437,84.508,99.468,2,4,6,IT,8.0,FinTech
191,dmccaull5a@booking.com,0,57.639,90.706,88.01,65.191,93.008,66.025,74.415,2,,9,EnTC,8.32,Service
192,svoules5b@wikipedia.org,0,78.403,79.095,82.498,97.62,89.011,93.33,96.443,2,,3,EnTC,8.56,Startup
193,lpaddemore5c@webnode.com,1,82.983,80.351,84.123,83.351,91.127,99.593,89.517,1,,7,EnTC,9.8,Service
194,jmccague5d@ycombinator.com,0,61.687,68.854,97.866,79.284,89.772,84.381,88.778,3,,7,CS,7.71,FinTech
195,ghebblewaite5e@nydailynews.com,1,91.58,72.475,89.548,91.475,99.431,86.236,71.873,,,5,CS,6.23,Service
196,cswatman5f@un.org,0,71.553,97.992,95.976,86.231,78.083,90.212,90.081,2,1,6,EnTC,8.71,Product
197,amuncie5g@sitemeter.com,0,60.525,99.199,88.051,92.055,81.06,81.093,92.43,4,,1,CS,8.45,FinTech
198,apitone5h@answers.com,1,65.514,99.435,69.88,82.149,89.475,99.38,90.09,3,,9,IT,8.3,Product
199,friggey5i@imdb.com,0,89.615,66.486,82.077,85.878,88.67,96.231,96.778,2,,4,CS,7.25,FinTech
200,mpriestnall5j@shareasale.com,0,93.453,80.575,79.341,91.505,87.729,71.39,66.908,,,9,CS,8.08,Startup
201,tswait5k@irs.gov,1,77.444,74.482,98.624,79.354,85.203,82.513,93.845,,,3,IT,7.79,Product
202,hleonida5l@china.com.cn,1,96.705,85.879,75.364,93.76,92.645,99.397,91.574,2,4,1,IT,7.91,Service
203,rtiernan5m@liveinternet.ru,0,54.939,99.957,74.446,87.76,86.283,73.442,91.324,2,,4,CS,8.34,FinTech
204,fmarple5n@dmoz.org,0,96.003,68.539,79.952,92.061,69.624,93.772,95.586,,,9,IT,7.71,Startup
205,dmeadowcraft5o@opensource.org,0,86.7,74.71,76.81,89.149,80.39,77.369,81.639,3,,4,IT,8.99,Startup
206,tflemmich5p@cloudflare.com,0,55.576,63.638,81.58,71.97,89.699,96.329,94.713,,,1,IT,9.6,Startup
207,gconnell5q@twitter.com,1,58.316,77.891,72.393,69.96,70.9,82.049,86.406,1,,2,EnTC,7.9,Service
208,kcurtain5r@barnesandnoble.com,1,59.35,83.458,67.629,81.054,84.066,85.956,97.658,,5,5,IT,7.95,Startup
209,bcoper5s@hao123.com,1,75.642,76.606,73.622,96.287,68.369,79.621,94.723,3,,5,IT,9.66,Startup
210,mblackie5t@telegraph.co.uk,1,94.015,89.805,71.774,72.342,86.075,91.511,90.047,,,3,CS,8.23,Service
211,mcattermoul5u@privacy.gov.au,1,68.06,90.693,67.927,72.281,99.545,73.472,95.479,,,1,IT,9.68,FinTech
212,lkisting5v@cam.ac.uk,0,97.463,59.907,73.067,98.708,83.445,67.256,99.145,4,,5,CS,7.86,Startup
213,mkuhne5w@engadget.com,0,58.205,60.224,98.984,71.463,82.934,70.369,88.779,,,6,IT,9.12,Startup
214,rjewsbury5x@webs.com,0,66.69,96.638,90.895,96.415,92.375,84.275,78.197,,1,8,EnTC,6.42,Startup
215,avanderkrui5y@wsj.com,1,74.507,89.725,75.628,72.56,91.679,96.845,83.378,3,,3,CS,9.07,Product
216,mpaddemore5z@amazonaws.com,0,50.61,64.411,86.367,74.1,69.748,83.771,74.834,1,5,5,EnTC,6.51,Service
217,nrembrandt60@bigcartel.com,0,90.502,75.787,90.666,99.092,72.981,86.282,76.186,,,1,IT,7.69,Service
218,clavery61@eepurl.com,0,61.388,60.273,97.968,72.0,72.762,93.84,91.801,,,9,IT,9.01,Product
219,mgauthorpp62@vinaora.com,1,84.883,59.389,78.759,84.096,80.023,87.617,94.114,,,9,EnTC,7.32,Product
220,pnovkovic63@ocn.ne.jp,1,99.949,73.165,85.315,96.954,88.134,94.445,78.613,,,5,EnTC,7.19,FinTech
221,bwardroper64@storify.com,1,79.149,83.706,71.846,75.18,77.818,92.048,66.846,3,,8,CS,7.19,Product
222,dgori65@reddit.com,0,51.227,51.181,75.818,90.24,83.961,79.054,93.965,1,,9,CS,8.14,Service
223,wnapoleone66@prweb.com,0,75.907,69.543,71.263,93.39,86.391,86.83,99.125,1,,9,IT,9.1,FinTech
224,vtethcote67@engadget.com,1,52.608,94.028,66.742,97.122,77.963,67.39,94.597,,,4,EnTC,7.77,Service
225,snorthage68@berkeley.edu,0,91.732,92.043,75.672,66.543,94.098,85.707,77.947,2,,8,EnTC,8.21,Product
226,ajeary69@privacy.gov.au,0,55.17,80.953,85.37,79.256,80.178,81.912,95.406,,,3,EnTC,8.63,Startup
227,sharness6a@tiny.cc,0,57.086,54.194,92.121,84.842,68.315,90.41,74.236,,,6,IT,6.18,Service
228,eluney6b@flickr.com,0,74.115,71.234,71.221,85.462,85.067,70.969,74.805,5,,8,CS,8.52,Product
229,kschukert6c@loc.gov,1,60.869,55.0,93.37,85.921,88.106,94.99,69.401,,,4,CS,8.06,Startup
230,fhollebon6d@typepad.com,0,81.267,66.408,78.874,81.763,85.106,69.177,68.889,1,,3,EnTC,9.32,Service
231,hsharples6e@gmpg.org,1,94.692,68.094,74.421,80.782,74.67,89.716,68.087,,,9,IT,6.72,FinTech
232,wlaven6f@engadget.com,1,95.984,84.671,84.687,70.404,68.726,94.27,89.54,4,,1,CS,7.47,Startup
233,rbarhams6g@chron.com,1,88.97,99.946,66.107,78.076,94.747,67.259,79.728,1,,8,IT,9.26,Service
234,hbuttery6h@privacy.gov.au,0,83.861,56.042,81.506,85.211,83.059,98.423,77.745,4,,3,EnTC,9.32,FinTech
235,dsemaine6i@msu.edu,1,90.17,80.465,75.268,81.261,78.869,92.452,72.423,,,4,IT,9.11,Product
236,pfullegar6j@vk.com,0,99.118,76.384,91.516,84.764,87.345,85.545,92.162,1,,5,CS,6.08,Service
237,ecuppleditch6k@disqus.com,0,73.788,97.885,86.431,74.487,84.297,78.513,86.076,,,8,IT,7.63,Service
238,jfollen6l@seesaa.net,1,81.934,65.205,79.534,86.103,98.979,97.415,83.905,5,,5,EnTC,6.36,Product
239,mrennie6m@qq.com,0,82.593,57.47,77.518,78.691,80.078,79.772,72.513,,,2,IT,7.34,FinTech
240,vwalshaw6n@yellowbook.com,0,50.264,72.084,85.703,95.215,75.232,82.659,68.032,,,6,CS,6.35,Service
241,fhaste6o@mapy.cz,1,83.961,79.008,89.795,79.278,66.104,80.656,84.331,3,,8,EnTC,9.02,Product
242,dcornew6p@squidoo.com,0,61.642,91.607,72.662,88.295,95.093,83.432,70.565,2,,8,IT,10.0,Service
243,swollard6q@boston.com,0,93.832,98.191,80.728,85.081,91.547,75.277,79.92,4,,10,CS,8.68,Product
244,tmorratt6r@opensource.org,1,52.264,79.266,68.56,68.527,85.417,98.529,70.843,,,8,IT,9.03,Service
245,hmapplebeck6s@mlb.com,1,89.168,68.916,85.839,93.573,67.239,95.623,74.86,4,,5,CS,6.97,FinTech
246,pstimpson6t@biglobe.ne.jp,0,74.955,61.257,77.681,65.479,85.847,65.434,85.629,4,,5,IT,9.85,FinTech
247,otownshend6u@ycombinator.com,0,75.442,53.571,67.738,79.337,90.735,69.713,69.887,3,,5,EnTC,6.05,Product
248,jfruin6v@furl.net,0,76.229,77.89,98.772,93.67,66.501,69.76,71.904,5,,8,CS,8.67,Startup
249,groome6w@abc.net.au,1,79.914,62.707,93.552,79.676,96.141,92.145,70.979,,,9,CS,6.48,Service
250,dapted6x@yolasite.com,1,92.548,95.606,95.53,99.113,94.086,95.552,85.37,3,,5,CS,8.69,Service
251,cbeckey6y@pbs.org,0,73.632,59.534,93.949,66.112,90.108,79.901,82.234,1,,2,CS,7.81,Product
252,vmangeney6z@sciencedirect.com,1,86.279,94.069,91.908,74.705,83.987,81.809,96.898,3,,10,EnTC,7.63,Product
253,mleif70@tinypic.com,1,92.392,67.427,91.112,79.815,66.382,90.963,97.147,2,,1,IT,9.3,FinTech
254,ylamport71@cafepress.com,1,81.316,62.303,94.873,85.217,87.827,93.725,84.487,1,,1,IT,9.76,Service
255,wgoring72@trellian.com,1,94.076,78.96,98.74,90.113,68.917,89.246,89.991,3,,10,CS,6.28,Service
256,afrankcom73@twitpic.com,0,57.27,65.464,69.612,75.04,95.188,94.273,79.967,2,,10,CS,9.38,Startup
257,dfranzman74@eepurl.com,0,75.933,78.383,97.723,78.038,86.925,72.597,89.001,,,5,CS,7.0,Product
258,jrouzet75@wunderground.com,1,67.693,97.938,92.611,65.496,88.52,69.18,86.595,2,,4,EnTC,9.84,FinTech
259,adangerfield76@meetup.com,1,91.244,69.049,96.994,95.923,76.28,79.135,92.789,4,,8,EnTC,7.07,Product
260,fkybert77@elpais.com,1,56.715,63.3,93.033,78.679,99.766,69.396,74.416,4,,1,IT,8.65,Startup
261,bjeanequin78@sciencedaily.com,1,57.949,67.726,92.508,74.203,92.91,97.859,80.316,,,8,IT,9.51,Startup
262,gbodiam79@vinaora.com,0,66.687,87.481,83.245,92.446,79.426,71.072,82.595,,,7,EnTC,9.76,Startup
263,abertlin7a@histats.com,1,57.276,52.107,65.182,87.691,67.863,70.234,97.841,4,5,7,CS,9.35,FinTech
264,fchaloner7b@sourceforge.net,1,53.28,74.635,91.494,93.967,99.852,83.699,67.672,3,,4,EnTC,9.92,Service
265,jedmons7c@4shared.com,1,66.607,61.354,83.94,83.724,91.709,95.377,67.168,1,,2,IT,9.6,FinTech
266,vcolomb7d@merriam-webster.com,0,59.524,68.426,90.847,93.474,82.194,85.51,93.693,4,,8,EnTC,9.21,Service
267,ipargetter7e@altervista.org,1,93.741,56.188,98.825,81.979,68.281,96.039,74.951,,4,3,IT,9.56,Product
268,pledgard7f@comcast.net,0,73.846,90.571,99.309,70.184,91.135,81.673,80.558,3,,9,IT,7.7,Startup
269,fpentercost7g@xinhuanet.com,1,96.598,65.027,88.633,73.266,73.924,66.074,84.191,2,,9,EnTC,9.97,FinTech
270,bpaolotto7h@telegraph.co.uk,1,63.893,64.359,86.389,96.243,67.837,67.447,82.366,5,,3,EnTC,8.74,Service
271,bmyhan7i@fastcompany.com,0,86.041,68.848,98.195,97.024,83.95,85.858,71.825,4,,8,EnTC,7.18,Startup
272,egainseford7j@so-net.ne.jp,0,68.926,66.383,94.542,77.222,91.006,77.251,81.578,1,,9,CS,6.34,Product
273,acodeman7k@wisc.edu,1,59.958,73.336,67.619,89.249,74.734,73.067,66.461,5,,8,EnTC,7.74,FinTech
274,wnassau7l@reddit.com,1,53.188,75.59,91.144,65.145,74.473,90.826,97.158,,,3,EnTC,6.45,Startup
275,jhyatt7m@paginegialle.it,1,77.174,83.506,72.337,74.023,72.438,76.793,82.126,2,,7,IT,6.24,Service
276,fozintsev7n@bluehost.com,1,77.219,80.599,99.19,73.971,82.905,72.364,98.455,2,2,9,EnTC,9.38,FinTech
277,ilowen7o@ucoz.com,1,90.829,99.464,88.554,76.39,89.329,65.383,68.486,4,,7,CS,6.23,Product
278,apley7p@feedburner.com,0,81.136,86.778,65.747,90.183,94.218,82.141,97.752,3,,5,CS,6.57,FinTech
279,stwidale7q@csmonitor.com,0,89.559,73.264,69.799,95.168,93.846,99.695,92.407,5,,10,CS,7.32,FinTech
280,blamblot7r@vistaprint.com,1,50.38,82.216,80.289,89.101,99.471,70.498,68.731,4,,7,EnTC,8.56,Startup
281,ybollard7s@yelp.com,0,95.463,96.797,94.626,66.685,70.275,72.724,65.823,,4,7,CS,7.49,FinTech
282,nsmowton7t@nasa.gov,1,66.737,71.78,72.6,75.787,79.161,88.718,95.73,5,,7,EnTC,6.2,FinTech
283,gbedenham7u@webmd.com,0,91.391,64.679,82.572,92.823,65.925,84.873,94.302,5,,3,IT,9.96,Product
284,smacci7v@harvard.edu,0,60.684,58.539,65.814,79.182,72.313,68.101,87.386,1,,1,IT,6.69,Startup
285,rgradon7w@jiathis.com,0,73.725,53.815,78.672,82.46,77.329,94.104,95.424,,3,6,CS,7.24,Product
286,bbartels7x@oracle.com,0,66.133,51.839,86.89,77.64,92.228,94.525,72.557,5,,3,IT,8.24,Product
287,mredon7y@samsung.com,1,91.898,87.756,71.392,71.189,85.946,85.528,85.692,,1,5,IT,6.99,Service
288,aplesing7z@indiatimes.com,0,99.167,85.844,92.803,83.034,96.291,70.69,86.075,1,,1,IT,8.21,FinTech
289,hdove80@istockphoto.com,1,56.426,53.854,94.539,72.797,83.301,94.538,75.618,,,9,IT,7.29,Startup
290,tdalloway81@ucoz.com,0,52.532,65.297,65.379,87.939,96.604,69.347,76.158,1,,9,IT,9.2,Service
291,nlatehouse82@chicagotribune.com,1,63.296,97.761,74.685,86.77,84.538,98.683,93.606,5,,1,CS,8.81,FinTech
292,wcattellion83@wisc.edu,0,66.321,91.143,92.093,75.587,65.004,92.228,67.057,3,,1,EnTC,8.44,Service
293,wthieme84@biblegateway.com,0,86.508,62.053,73.545,74.107,91.739,81.406,65.05,,,3,IT,7.41,Product
294,jfaithfull85@nasa.gov,0,57.161,95.912,87.548,98.758,87.09,75.14,89.311,4,,4,CS,7.74,FinTech
295,hbunch86@google.pl,0,97.415,55.561,95.001,81.498,81.105,67.659,96.317,,5,7,CS,8.04,Startup
296,lrugge87@vimeo.com,1,90.974,50.551,84.205,96.353,77.288,94.657,67.325,2,,7,CS,6.21,Service
297,gtesche88@ibm.com,1,62.7,55.912,99.577,78.934,77.336,91.406,83.589,5,,4,EnTC,7.44,Startup
298,kenders89@wunderground.com,1,62.659,68.887,80.496,66.479,79.941,76.707,76.571,,,10,CS,9.97,Product
299,gdorrington8a@altervista.org,0,76.907,66.702,99.931,68.815,99.13,74.767,80.989,3,,5,EnTC,7.64,FinTech
300,ttongue8b@pagesperso-orange.fr,1,53.262,94.711,74.328,86.638,97.915,74.567,73.539,,,1,EnTC,9.01,Startup
301,udahler8c@mozilla.com,0,50.579,78.604,87.828,68.779,98.173,93.121,95.213,,,10,IT,8.56,FinTech
302,nbathoe8d@ovh.net,0,67.579,68.27,81.94,84.864,99.583,75.929,91.568,1,,2,EnTC,7.36,Service
303,kmarcam8e@walmart.com,0,82.745,53.92,79.421,77.746,76.821,88.304,84.066,2,,10,EnTC,7.95,Startup
304,okenforth8f@dot.gov,0,94.792,97.255,97.316,85.622,87.865,75.724,65.464,3,4,5,IT,8.35,Product
305,mlimbourne8g@theguardian.com,1,51.85,86.891,94.476,96.129,97.857,79.306,94.777,5,,7,EnTC,9.15,Service
306,nmcterrelly8h@dedecms.com,1,57.847,95.82,92.085,91.309,86.381,79.342,65.6,2,,1,EnTC,8.9,Service
307,spritchett8i@freewebs.com,1,84.472,88.985,84.116,72.745,84.468,89.542,65.047,,,8,IT,9.35,FinTech
308,aheakins8j@independent.co.uk,0,80.031,72.855,91.425,84.983,77.767,93.955,74.23,,5,3,CS,7.47,Product
309,kgannicleff8k@nydailynews.com,0,98.804,81.548,82.929,89.56,88.905,87.799,66.885,4,,9,EnTC,7.4,FinTech
310,nwavish8l@kickstarter.com,0,69.733,58.144,65.926,88.558,87.827,71.7,80.066,,,2,EnTC,7.84,FinTech
311,astanner8m@jigsy.com,0,88.093,62.504,73.531,92.554,82.197,92.71,68.276,2,2,10,IT,7.99,FinTech
312,tmckinstry8n@e-recht24.de,0,76.389,59.792,69.577,79.529,72.82,92.847,98.78,4,,2,IT,8.31,Service
313,etranckle8o@de.vu,0,76.712,66.543,75.058,84.064,97.157,90.569,82.845,,,8,IT,7.0,Service
314,mmansuer8p@examiner.com,1,94.509,52.691,68.869,99.94,85.009,81.302,73.17,,,6,EnTC,6.7,Startup
315,mmusterd8q@ucla.edu,1,75.723,91.437,84.368,66.083,91.113,99.201,84.83,4,,3,EnTC,9.87,FinTech
316,kaxelby8r@deviantart.com,1,88.24,91.358,83.998,78.688,96.901,91.814,88.892,1,,1,IT,7.44,Product
317,gmeasey8s@cafepress.com,0,98.046,98.145,88.206,82.294,68.104,71.175,69.428,5,1,2,EnTC,8.39,Startup
318,kpopescu8t@com.com,0,52.158,77.674,88.531,97.904,86.185,96.68,66.085,1,5,10,IT,9.19,Startup
319,sstreat8u@prlog.org,0,88.67,55.379,91.428,68.245,65.26,89.483,70.174,3,,5,CS,6.37,Startup
320,jcroser8v@umn.edu,0,78.508,97.452,97.249,84.271,74.772,65.433,83.272,2,,10,CS,7.44,Startup
321,acorradini8w@a8.net,1,66.012,53.998,91.219,79.864,69.664,68.818,73.029,1,4,4,IT,8.37,Product
322,ablundell8x@walmart.com,1,63.115,66.847,85.838,77.979,93.316,84.345,69.922,,,8,EnTC,9.23,Service
323,fduggleby8y@123-reg.co.uk,1,74.68,96.174,74.498,81.801,80.673,75.397,77.424,2,,3,EnTC,6.47,Product
324,pbrownbridge8z@wikia.com,0,97.944,93.696,70.867,90.303,95.078,76.088,66.966,1,,3,IT,8.82,Startup
325,cschole90@apple.com,1,54.879,83.987,71.11,77.872,99.844,89.414,74.042,1,,5,CS,9.61,Product
326,dbrislan91@flavors.me,0,57.53,85.732,99.205,80.479,71.336,89.292,67.568,2,,8,EnTC,9.21,Service
327,egrindall92@ucoz.com,0,83.956,89.96,89.638,70.263,84.258,65.408,83.808,1,4,3,IT,6.28,Product
328,mmceneny93@guardian.co.uk,1,53.706,68.883,98.84,91.68,65.272,94.824,68.352,1,,6,CS,9.09,FinTech
329,atees94@google.com.au,1,62.895,78.672,74.264,72.898,87.099,99.713,85.698,,,3,CS,6.58,FinTech
330,cmontrose95@last.fm,0,81.037,79.277,67.237,74.568,67.415,86.638,67.334,5,2,9,EnTC,7.49,Startup
331,hjurisic96@tuttocitta.it,0,86.437,73.902,70.422,98.253,70.639,85.229,73.018,4,5,4,CS,7.62,Product
332,rbalasin97@howstuffworks.com,0,54.985,61.997,88.117,84.068,68.723,88.062,70.576,3,1,9,IT,9.41,Product
333,rsummerell98@mtv.com,0,53.871,80.109,91.785,92.747,84.756,83.487,76.482,5,,5,IT,6.46,Startup
334,rswallow99@facebook.com,0,72.857,63.717,92.484,73.917,83.923,77.545,94.131,,2,7,IT,6.83,Startup
335,meborall9a@aboutads.info,0,94.067,97.673,73.433,74.515,86.329,96.725,66.453,4,,2,EnTC,7.99,FinTech
336,ztwatt9b@cbslocal.com,0,97.25,85.606,94.655,87.633,81.769,70.433,74.991,1,,6,CS,8.45,Service
337,cgeorgins9c@github.io,1,78.936,50.595,78.736,72.162,69.238,97.604,72.305,,,2,IT,8.74,FinTech
338,trumsey9d@uol.com.br,1,52.898,55.549,75.632,97.924,87.596,97.964,69.8,2,,2,EnTC,8.17,Service
339,obanasik9e@elpais.com,0,68.481,64.97,77.889,75.663,77.978,95.042,85.829,4,,9,EnTC,7.25,Product
340,jshakelade9f@simplemachines.org,1,80.644,83.734,67.285,67.053,66.814,98.856,88.152,,,8,EnTC,7.18,Product
341,omason9g@jalbum.net,0,70.555,97.613,85.824,65.284,90.693,88.245,85.322,2,,1,CS,9.09,FinTech
342,ckornes9h@oaic.gov.au,1,93.983,68.998,96.412,79.079,68.479,83.841,92.509,2,,7,CS,7.92,FinTech
343,bsifleet9i@bizjournals.com,1,82.104,96.196,99.806,96.407,99.867,72.802,77.167,,,6,IT,7.85,Product
344,ggopsall9j@nyu.edu,1,90.255,90.355,91.528,89.243,92.94,86.194,84.759,,,4,CS,8.95,Startup
345,ckubiak9k@t.co,1,97.542,84.321,72.706,95.512,91.986,77.713,86.38,,,7,EnTC,6.93,Service
346,vdominelli9l@ucla.edu,0,54.451,98.278,77.788,70.451,94.224,89.714,77.67,4,,9,IT,7.0,FinTech
347,ccalderbank9m@ucla.edu,1,72.33,81.735,98.07,82.273,84.76,95.714,94.734,3,,6,CS,6.66,FinTech
348,sguerrieri9n@google.es,1,72.572,63.018,86.752,85.97,65.596,75.718,91.903,3,,6,IT,6.67,Startup
349,drathmell9o@tripod.com,1,50.335,90.922,90.617,97.287,82.962,84.943,98.027,,,8,CS,8.12,Service
350,kesterbrook9p@mashable.com,1,58.954,78.892,84.102,93.102,89.205,72.097,84.142,,,10,IT,8.96,Service
351,wjeffery9q@theatlantic.com,0,94.802,50.002,99.578,96.148,84.182,77.223,84.034,,,5,CS,7.72,Service
352,kgeroldi9r@mac.com,1,68.827,78.819,79.143,71.593,78.944,79.862,96.89,3,,9,EnTC,7.85,Service
353,ocossum9s@reddit.com,1,98.663,67.334,98.903,85.149,89.913,97.55,91.257,,3,7,EnTC,9.23,Product
354,klanceley9t@shareasale.com,1,59.378,65.568,96.823,73.296,87.632,90.959,98.433,1,,8,CS,6.85,Startup
355,hhutchence9u@yolasite.com,1,79.03,76.394,95.928,66.693,71.927,79.176,94.465,1,,9,EnTC,8.24,FinTech
356,ofrichley9v@myspace.com,1,89.357,74.741,87.138,91.607,97.01,97.45,77.809,2,,4,IT,8.9,Product
357,bduley9w@jiathis.com,0,84.089,59.006,88.738,97.151,73.94,90.699,67.307,,,7,CS,8.99,Product
358,jburrass9x@gmpg.org,1,96.735,56.032,94.995,91.631,71.379,69.641,75.713,1,,6,CS,8.25,Service
359,cgarling9y@typepad.com,0,83.499,82.986,71.58,84.072,83.288,81.786,83.02,5,,6,CS,8.62,Service
360,jellin9z@flickr.com,0,89.664,62.659,86.241,86.88,78.736,65.759,86.706,3,4,3,EnTC,8.14,Product
361,smclarena0@youku.com,1,52.333,91.185,88.992,80.837,93.581,92.712,90.842,4,4,8,EnTC,6.31,Service
362,ghugonneaua1@yahoo.com,1,52.207,98.673,73.735,65.565,95.322,84.319,68.585,3,,2,IT,8.24,Service
363,jjaumeta2@technorati.com,0,56.996,96.002,70.868,86.184,82.649,98.787,91.238,4,,3,CS,8.62,FinTech
364,tdarvillea3@dailymail.co.uk,0,54.054,50.719,92.226,70.571,71.542,71.281,95.831,5,1,8,IT,6.14,Service
365,strowbridgea4@nyu.edu,0,82.335,57.459,70.666,71.839,69.943,91.332,76.969,,,1,EnTC,9.48,Product
366,abulfoota5@hugedomains.com,0,65.066,94.06,86.317,82.083,66.945,82.481,80.91,4,1,9,CS,6.55,Service
367,aevertona6@mozilla.com,1,85.953,85.512,65.673,97.026,70.866,92.912,70.011,3,,8,EnTC,6.36,Service
368,syesenina7@army.mil,1,76.027,53.277,72.017,78.841,70.886,78.522,94.823,5,,8,EnTC,9.64,FinTech
369,gterzzaa8@macromedia.com,1,78.284,73.829,92.56,66.461,97.698,83.253,66.89,3,,2,CS,8.04,Service
370,jgrcica9@amazon.co.jp,0,90.245,78.913,66.777,66.126,75.04,77.844,74.943,5,,4,IT,7.26,Service
371,jdobbinsaa@qq.com,0,76.778,60.571,99.937,94.549,65.713,88.907,86.839,4,,2,IT,7.75,Service
372,mkilfoyleab@aol.com,1,70.041,63.694,95.407,73.792,97.173,89.996,75.604,,,6,CS,8.8,FinTech
373,mpautotac@howstuffworks.com,0,77.391,85.293,96.536,70.3,97.358,97.776,99.15,1,,3,EnTC,9.5,Service
374,jrabbad@ebay.com,1,95.886,99.334,72.639,81.116,96.121,93.586,88.841,4,,7,EnTC,7.01,Product
375,dsapautonae@scientificamerican.com,0,65.799,67.237,90.238,78.959,67.864,70.418,82.07,,,3,EnTC,7.2,Product
376,dkayeaf@ovh.net,0,87.428,85.935,71.981,97.782,94.757,69.451,90.98,,,7,IT,8.61,FinTech
377,solivazziag@clickbank.net,0,74.464,91.872,72.675,68.167,71.649,74.157,99.564,4,,1,EnTC,7.76,Service
378,vwalbridgeah@cbslocal.com,1,96.731,53.111,99.235,84.546,80.722,97.599,84.903,2,,8,IT,9.49,Startup
379,cchristaeasai@epa.gov,1,53.482,58.54,74.524,74.557,78.203,68.501,86.371,5,,6,IT,9.32,Service
380,wfaieraj@sphinn.com,1,68.165,99.838,80.39,70.808,65.471,80.086,75.956,4,,5,IT,8.66,Product
381,pjosefowiczak@reddit.com,1,64.865,72.628,85.131,99.182,67.153,93.947,75.207,,,1,IT,9.02,FinTech
382,hcrawcoural@myspace.com,0,58.714,98.714,99.195,71.226,83.718,87.622,83.862,2,,1,IT,6.78,Startup
383,bmoggacham@yellowpages.com,1,88.649,85.326,75.701,85.457,98.766,66.231,73.424,,,10,IT,8.08,Product
384,sglasbeyan@altervista.org,1,51.498,55.991,83.441,90.582,66.052,74.989,68.156,,,5,CS,8.34,Service
385,lcramphornao@businessweek.com,1,95.365,53.809,90.551,74.975,94.981,86.263,69.203,,,9,IT,8.56,Startup
386,rjoselevitzap@miibeian.gov.cn,0,86.057,77.461,94.653,65.048,66.17,87.664,96.014,2,,9,CS,6.61,Startup
387,cwrassellaq@nydailynews.com,0,86.726,93.602,71.89,91.186,77.257,75.604,66.81,2,1,6,IT,9.2,Startup
388,amoynihanar@thetimes.co.uk,0,76.835,59.077,66.271,73.099,78.073,73.163,82.31,1,,8,IT,9.02,Startup
389,cabbeas@liveinternet.ru,0,65.633,68.015,81.869,72.386,71.065,67.1,87.74,,2,2,EnTC,8.85,FinTech
390,cspowardat@marketwatch.com,0,81.957,64.042,68.658,88.825,67.739,87.364,72.009,2,,10,CS,6.66,Product
391,templetonau@flavors.me,0,93.687,86.394,80.25,96.519,73.538,71.421,97.317,3,,10,EnTC,7.78,Startup
392,asannesav@cnbc.com,1,99.283,51.849,90.058,98.88,93.178,99.31,87.766,1,,3,IT,7.31,Startup
393,edarrigrandaw@instagram.com,0,73.008,52.997,95.392,75.382,95.224,94.883,65.561,5,,7,CS,6.69,Product
394,tcuddeax@github.com,0,67.505,58.93,98.982,81.508,71.784,99.528,80.75,1,,6,CS,6.24,FinTech
395,ddenormanvilleay@google.nl,0,63.543,87.056,73.386,98.824,85.452,68.045,76.78,1,,3,IT,8.59,Service
396,vrobardetaz@slate.com,1,62.893,66.589,81.602,73.455,83.841,92.241,68.379,3,,8,EnTC,9.96,FinTech
397,tlukacsb0@twitter.com,1,68.906,78.954,70.876,97.531,95.509,98.645,66.131,,,6,EnTC,6.76,Startup
398,cwoolensb1@tumblr.com,0,50.85,56.879,66.707,94.835,94.968,79.868,85.353,3,,4,CS,6.43,Product
399,jommundsenb2@twitter.com,0,98.142,70.05,65.253,71.444,94.919,88.912,71.423,,,9,CS,7.39,Startup
400,sbrameb3@goodreads.com,0,91.157,94.698,70.315,65.85,87.06,65.498,95.547,3,2,7,IT,9.35,Product
401,msheenb4@uiuc.edu,0,66.951,68.912,87.563,71.869,88.636,75.031,92.718,5,,9,IT,6.11,Product
402,mraisbeckb5@hubpages.com,1,93.142,54.49,66.761,91.415,66.611,77.45,72.616,2,,7,CS,8.25,Product
403,rolandab6@creativecommons.org,1,94.426,77.63,99.908,79.482,78.461,73.311,83.213,5,,4,CS,8.92,Startup
404,mstraunb7@blogspot.com,1,91.638,57.987,71.201,65.318,65.66,86.955,97.049,2,,10,IT,9.5,FinTech
405,carensb8@acquirethisname.com,0,77.225,57.223,80.986,71.314,96.166,94.916,84.925,,,1,EnTC,9.69,Product
406,mvolonteb9@nymag.com,0,88.939,95.105,93.02,68.167,80.774,99.109,77.477,5,,1,EnTC,6.25,Startup
407,mvineba@skyrock.com,1,93.926,53.605,87.588,91.044,79.831,66.333,66.882,1,3,3,IT,7.79,Product
408,epoonebb@un.org,1,52.866,77.557,98.179,94.653,82.42,69.13,90.795,5,,1,IT,9.52,Startup
409,pcongreavebc@seattletimes.com,1,81.957,90.331,83.84,83.133,66.211,86.581,75.569,4,,1,EnTC,7.25,FinTech
410,bsichardtbd@cloudflare.com,1,82.72,89.721,69.754,94.897,81.548,88.998,93.951,2,,8,EnTC,6.89,Startup
411,rdecourcybe@moonfruit.com,0,74.927,72.566,86.883,95.88,77.84,86.994,93.42,,,2,IT,6.19,FinTech
412,khowisonbf@cocolog-nifty.com,1,54.88,67.444,84.384,94.013,76.206,70.245,67.415,5,,6,EnTC,7.74,Product
413,lmooreybg@intel.com,0,70.825,88.44,89.675,77.047,65.115,75.28,83.379,3,,1,CS,9.07,Service
414,cpepperillbh@meetup.com,1,62.504,96.799,85.051,81.541,94.893,81.814,97.975,1,,4,IT,7.84,FinTech
415,jdrohanbi@blogger.com,0,69.918,90.382,86.206,69.478,81.663,98.498,77.655,,,3,EnTC,6.77,FinTech
416,lmenpesbj@gnu.org,0,73.994,84.717,79.024,75.05,72.241,81.876,71.836,2,3,3,EnTC,6.8,Product
417,dconebk@guardian.co.uk,1,78.743,60.06,70.194,86.453,73.083,85.081,69.24,3,,10,CS,8.63,Product
418,esheekeybl@cafepress.com,1,81.946,99.695,69.277,69.263,70.492,99.564,67.716,1,3,4,EnTC,9.64,Service
419,fdunbarbm@bloglines.com,0,80.743,72.229,92.336,82.546,69.953,77.083,91.51,3,,9,CS,6.26,FinTech
420,mpagittbn@opensource.org,1,54.114,83.994,68.133,92.251,97.396,82.278,99.833,1,,7,IT,9.81,FinTech
421,gbackshillbo@nba.com,0,79.083,83.27,96.164,78.117,85.165,95.894,70.537,,,8,IT,9.97,Service
422,lvenningbp@umich.edu,0,93.067,57.255,97.911,71.198,66.585,66.783,97.638,3,,8,IT,6.23,Product
423,hoenbq@example.com,0,96.954,82.782,79.637,80.66,77.511,75.145,66.733,,,6,EnTC,7.44,FinTech
424,ytwitteybr@pinterest.com,1,96.992,67.105,98.388,66.477,72.987,96.21,87.767,,,3,CS,8.66,FinTech
425,mhruskabs@seesaa.net,0,67.901,67.382,99.896,65.029,96.915,70.506,92.071,1,4,9,CS,9.64,Startup
426,sspinleybt@wisc.edu,1,52.929,78.052,76.249,98.629,94.292,90.781,89.746,,,9,CS,9.93,Product
427,eblindermannbu@taobao.com,1,52.118,76.424,79.713,93.189,75.3,76.259,88.548,4,,5,CS,6.99,Service
428,memerinebv@uiuc.edu,1,68.108,50.071,65.252,70.617,85.473,89.869,87.976,3,,7,EnTC,8.93,FinTech
429,jcaneobw@mail.ru,0,59.577,76.917,93.17,74.788,78.451,82.215,90.365,2,,1,CS,6.8,FinTech
430,bespadaterbx@comcast.net,0,82.287,57.938,89.017,86.42,98.419,84.819,66.882,,,3,CS,6.4,FinTech
431,jhadrillby@flickr.com,0,72.926,83.735,99.383,88.925,80.964,65.705,80.266,5,,2,IT,6.1,Service
432,stomblesonbz@oakley.com,0,70.311,84.564,93.718,81.528,75.967,65.267,68.131,1,,4,EnTC,8.44,FinTech
433,jprandoc0@wufoo.com,1,68.348,76.309,90.133,73.091,72.209,90.613,94.527,5,,3,CS,6.39,Service
434,rsibbsonc1@kickstarter.com,0,51.511,91.067,70.768,67.887,65.713,93.411,83.277,2,,3,IT,9.67,FinTech
435,dmcneillc2@example.com,0,55.307,86.383,76.236,84.853,72.777,88.487,97.533,,4,6,IT,8.3,Product
436,nlingc3@myspace.com,0,84.848,69.191,86.55,76.489,70.544,75.22,74.413,,,1,IT,7.94,Product
437,fjemisonc4@pinterest.com,1,52.544,69.866,71.288,82.037,72.296,82.191,80.633,,,10,CS,6.64,FinTech
438,svaheyc5@tripod.com,0,80.183,71.072,73.661,97.15,66.127,95.292,82.095,5,,6,EnTC,8.48,Startup
439,revansonc6@go.com,1,65.22,97.707,70.838,83.496,94.447,65.102,66.891,1,,6,EnTC,8.41,Service
440,stibbettsc7@comsenz.com,1,78.047,82.33,81.642,90.839,73.854,72.432,98.958,4,,4,EnTC,6.71,Product
441,snewshamc8@theglobeandmail.com,1,55.451,51.887,86.487,96.112,91.815,99.878,77.487,1,4,10,IT,8.52,Product
442,plansdownc9@quantcast.com,1,57.564,69.825,79.556,97.573,96.772,79.252,80.34,,4,4,EnTC,7.48,Startup
443,scrossfieldca@ted.com,1,81.592,73.644,72.244,65.596,68.021,74.329,81.237,4,1,6,EnTC,9.36,Product
444,vcheerscb@icio.us,0,74.798,92.629,92.849,74.853,77.268,92.254,92.847,5,,5,IT,7.24,Product
445,ifirmincc@harvard.edu,0,59.926,92.863,76.828,91.245,94.035,68.832,86.559,,,3,IT,6.54,FinTech
446,klarcombecd@qq.com,1,76.9,63.069,88.515,71.445,71.334,88.525,95.065,3,,2,EnTC,6.63,Startup
447,cconingce@cbc.ca,1,68.944,56.912,78.269,70.872,93.063,94.546,78.932,3,3,2,CS,8.85,Service
448,amacaleescf@discuz.net,1,92.343,66.218,78.668,67.024,74.621,81.918,65.214,,3,9,EnTC,9.6,Product
449,cowencg@cnbc.com,1,84.603,99.836,65.9,94.46,66.444,91.933,65.732,1,5,5,CS,7.08,Startup
450,ueasumch@creativecommons.org,0,90.481,95.644,71.12,86.014,83.541,90.67,78.156,5,2,4,IT,6.77,Product
451,lgilhamci@goo.ne.jp,0,78.78,52.624,70.46,85.175,96.079,91.472,84.381,,,9,IT,8.74,Service
452,pbohlingolsencj@blog.com,0,98.819,93.168,67.613,67.837,81.975,78.593,89.576,4,,9,CS,9.28,FinTech
453,tcostack@oakley.com,0,67.05,91.579,73.104,88.673,95.56,83.368,75.555,4,,6,EnTC,7.04,FinTech
454,astollmeyercl@unicef.org,0,74.995,91.297,89.357,79.448,77.781,71.831,80.135,3,,4,EnTC,9.36,Service
455,bscartifieldcm@yellowbook.com,1,62.116,90.223,72.692,73.374,72.89,67.165,78.296,5,,7,EnTC,6.91,FinTech
456,mstaincn@ft.com,0,82.124,96.324,70.669,94.737,70.491,96.019,85.825,3,,5,IT,9.94,FinTech
457,htonksco@live.com,0,52.541,91.914,68.119,73.008,90.154,92.742,77.679,2,,3,CS,6.3,Service
458,tbonehillcp@furl.net,1,70.915,65.595,84.936,86.756,70.488,76.455,95.573,3,,3,EnTC,8.63,FinTech
459,aguiduccicq@latimes.com,1,88.535,70.35,65.644,81.177,73.586,94.935,66.865,,2,6,CS,8.27,Product
460,saushercr@tamu.edu,1,81.429,65.253,86.04,83.083,73.877,94.765,86.953,1,,6,CS,8.57,Startup
461,swhildcs@weibo.com,0,91.057,59.182,81.873,68.789,85.416,97.7,97.687,5,,1,IT,7.45,FinTech
462,acromblehomect@taobao.com,0,72.768,59.931,69.346,98.858,97.982,99.291,73.181,,,5,EnTC,9.06,Startup
463,ckensleycu@51.la,0,53.646,95.032,72.271,93.355,95.927,95.209,83.716,4,,8,IT,6.2,Service
464,kdraysoncv@xing.com,1,55.989,89.406,94.673,79.526,69.322,71.458,95.471,,,9,CS,6.42,Startup
465,cyendlecw@drupal.org,1,75.858,50.404,90.939,72.685,93.391,80.847,71.155,,1,10,IT,6.69,Product
466,rschermickcx@wikia.com,0,77.44,61.194,81.558,92.236,70.448,69.599,91.359,4,,10,EnTC,7.98,Startup
467,igarthsidecy@blog.com,1,54.344,83.695,87.815,70.845,88.576,67.141,68.749,,,4,IT,8.83,FinTech
468,lgrishunincz@chronoengine.com,1,91.715,91.122,97.638,92.25,79.692,68.296,96.147,4,,10,EnTC,9.59,FinTech
469,ltumilsond0@economist.com,1,99.266,89.104,68.847,95.783,93.693,65.22,70.438,1,,7,EnTC,8.92,FinTech
470,awillgressd1@columbia.edu,0,99.584,59.133,95.043,95.887,98.752,94.94,84.457,4,,4,IT,8.87,Startup
471,bjarvilled2@xrea.com,0,91.327,80.472,81.635,70.241,85.517,99.67,76.724,2,2,2,IT,6.28,FinTech
472,sjannawayd3@senate.gov,0,76.085,86.068,78.873,90.947,93.866,81.962,96.663,,,4,IT,6.31,Startup
473,sfrostickd4@nsw.gov.au,1,59.079,87.148,80.537,71.813,99.013,66.924,89.887,,,5,CS,6.67,Startup
474,fhearnesd5@prweb.com,0,60.087,56.87,75.798,86.82,88.841,96.142,82.037,3,,5,IT,7.36,Product
475,tfitzroyd6@github.com,0,52.702,52.572,69.851,74.674,88.764,92.965,78.44,4,,2,IT,9.89,Startup
476,plagned7@arizona.edu,0,56.138,66.615,94.491,96.883,88.063,82.788,82.316,4,,1,EnTC,6.37,Product
477,bsyfaxd8@merriam-webster.com,0,58.049,90.47,78.498,97.945,73.499,97.174,77.581,1,,2,CS,7.76,FinTech
478,fcallenderd9@scribd.com,1,97.086,67.869,80.866,80.743,70.157,70.5,86.36,1,,8,EnTC,6.24,FinTech
479,rblampyda@shop-pro.jp,1,80.375,63.55,87.974,82.763,89.71,84.208,80.019,1,,6,CS,6.42,FinTech
480,cokedb@bbb.org,0,97.661,81.094,67.622,81.063,75.35,73.026,89.11,2,2,4,IT,7.77,FinTech
481,rsaywelldc@epa.gov,1,77.184,52.853,87.495,73.647,66.763,75.029,83.54,3,2,8,CS,6.72,FinTech
482,kduffitdd@yale.edu,0,95.798,73.675,74.201,80.851,92.263,71.06,87.785,,,5,EnTC,7.29,Startup
483,ekarpinskide@icq.com,1,84.753,80.699,99.114,71.25,94.945,79.238,66.604,4,,7,CS,9.06,Startup
484,hprettyjohnsdf@facebook.com,0,86.642,78.864,84.193,88.476,69.405,89.74,87.874,1,,1,EnTC,7.37,Product
485,eorigindg@symantec.com,1,58.822,78.676,95.54,65.868,92.737,75.56,69.251,3,,7,IT,8.39,FinTech
486,cbenadettedh@macromedia.com,0,72.797,59.745,91.75,97.71,84.395,82.718,77.56,5,,7,IT,8.75,FinTech
487,nregnarddi@ihg.com,0,60.674,85.067,65.977,71.711,84.417,65.208,82.335,,,9,CS,8.63,Startup
488,mbotlydj@bloglines.com,1,85.986,88.476,92.216,87.38,83.002,79.974,65.972,,4,2,CS,7.48,Startup
489,jwhymarkdk@patch.com,0,53.049,70.493,81.058,66.089,65.509,66.182,71.377,,,6,EnTC,9.98,FinTech
490,rdeningtondl@bing.com,0,73.402,66.058,75.579,82.03,73.035,94.149,98.349,5,,5,IT,9.43,Service
491,ahemshalldm@t-online.de,0,85.964,55.934,75.062,75.27,71.412,85.807,90.512,5,,8,EnTC,8.99,Service
492,ymclaydn@people.com.cn,1,62.019,59.681,66.058,94.845,75.291,67.372,95.515,5,,1,EnTC,7.68,Service
493,gcumesdo@gravatar.com,0,97.772,93.399,86.944,90.372,95.336,92.452,94.471,,,2,EnTC,7.19,Startup
494,mfeastdp@hao123.com,0,65.433,53.817,97.16,71.828,98.789,75.145,74.005,1,,9,CS,9.91,Product
495,frenndq@csmonitor.com,0,73.374,94.126,81.901,93.811,88.668,70.18,93.971,3,,8,CS,7.98,Startup
496,jmallinardr@blinklist.com,0,51.27,54.595,86.928,74.835,81.493,66.17,68.794,5,,3,CS,9.06,Service
497,djenksds@chicagotribune.com,1,54.224,77.203,99.392,67.119,85.696,65.208,96.166,,4,4,EnTC,6.41,Service
498,pspitelldt@lycos.com,0,67.617,82.474,85.201,99.451,98.441,78.85,75.704,2,5,1,CS,7.38,Service
499,lowensondu@phpbb.com,0,64.812,52.596,68.555,86.744,89.995,94.45,70.299,1,,8,EnTC,8.96,Product
500,dscadedv@delicious.com,1,58.124,92.759,90.942,95.878,84.811,84.082,91.805,1,,6,CS,8.26,FinTech
501,sdamettidw@ning.com,0,62.836,71.254,73.929,85.298,82.625,85.631,67.409,1,3,4,EnTC,7.71,Product
502,kgarranddx@howstuffworks.com,0,63.084,91.388,88.341,90.485,88.698,84.572,76.801,3,5,6,EnTC,6.97,Service
503,kpicktondy@cbc.ca,1,98.464,76.737,73.332,87.32,93.429,90.764,72.797,5,,1,IT,7.75,Startup
504,kewlesdz@cdc.gov,0,81.53,83.48,78.703,82.795,99.847,65.514,96.953,5,,5,IT,9.83,Product
505,dpannere0@devhub.com,1,84.64,77.2,87.505,68.697,71.038,83.597,77.054,4,,4,CS,9.46,FinTech
506,lbernardose1@rediff.com,0,95.706,72.753,88.366,66.262,90.281,73.377,81.954,1,,4,EnTC,7.64,FinTech
507,dconquere2@yellowbook.com,0,63.256,76.478,79.642,79.759,66.603,81.953,71.572,,,8,EnTC,9.5,Service
508,ttomasie3@hexun.com,0,83.426,76.703,90.403,91.069,83.783,77.396,82.594,3,,2,CS,9.49,FinTech
509,olombardoe4@army.mil,1,56.458,98.086,71.155,67.873,78.742,96.214,87.974,5,,7,IT,9.31,Startup
510,shamleye5@prlog.org,1,88.272,92.589,86.774,80.482,95.624,77.031,75.972,5,,4,IT,8.33,FinTech
511,sattyeoe6@gov.uk,0,67.063,91.683,71.347,76.833,75.067,85.092,97.237,,,5,CS,7.78,Service
512,bgrafhome7@yandex.ru,0,62.697,64.974,81.271,66.231,92.757,86.585,65.006,5,,5,EnTC,8.17,Product
513,dyellowleee8@nifty.com,0,91.94,60.43,81.43,66.831,72.299,70.478,73.848,5,,9,CS,6.53,Service
514,ebartse9@berkeley.edu,1,94.652,70.602,81.284,94.493,66.538,76.536,92.294,1,2,6,CS,8.33,Startup
515,mbelliea@spiegel.de,0,64.535,71.809,73.301,78.479,89.252,69.808,85.739,3,,1,CS,6.54,Service
516,bgirauldeb@reverbnation.com,0,96.852,93.502,90.891,70.824,98.337,69.273,93.189,5,3,6,EnTC,7.71,Service
517,njeffesec@usda.gov,1,96.546,69.741,97.055,66.129,90.844,66.94,78.37,3,4,1,IT,9.48,Product
518,miannuzzellied@google.com.hk,0,89.954,93.33,67.187,75.161,77.197,70.69,98.244,1,,1,EnTC,9.06,FinTech
519,cwillowbyee@chronoengine.com,1,58.367,50.547,93.216,85.341,98.839,98.429,87.005,1,,5,IT,8.85,Product
520,bridgesef@sphinn.com,0,82.793,81.061,87.411,68.535,65.429,84.34,69.155,4,,4,CS,6.51,FinTech
521,bghidolieg@vistaprint.com,0,64.352,85.731,90.509,85.058,91.962,91.849,92.067,5,,3,EnTC,9.93,Startup
522,lmaccumiskeyeh@macromedia.com,1,96.418,56.188,87.152,89.455,98.55,88.953,87.271,5,,7,IT,8.47,Service
523,wsangwineei@studiopress.com,0,81.493,60.901,81.283,65.404,93.269,87.367,86.817,2,4,7,IT,7.3,Service
524,sfloydej@yale.edu,0,51.647,85.499,67.146,70.592,87.776,89.335,74.767,,,4,EnTC,9.56,FinTech
525,revesqueek@cnbc.com,1,93.764,77.31,65.007,96.098,90.825,79.034,70.392,3,,1,EnTC,9.84,FinTech
526,jmainzel@163.com,0,63.511,60.319,68.23,76.19,70.424,67.533,78.38,,,5,CS,7.28,Service
527,adevilleem@vk.com,0,81.936,65.037,87.319,93.52,88.306,66.139,77.277,,,8,IT,9.59,Service
528,jgehringeren@fema.gov,0,58.669,98.213,86.94,82.789,67.839,74.704,97.825,2,,3,CS,9.75,Product
529,tjersheo@privacy.gov.au,0,62.994,62.314,98.693,78.156,99.424,98.43,99.028,,,2,EnTC,9.82,FinTech
530,mseakinep@is.gd,1,69.227,79.715,69.236,65.19,87.148,71.071,70.918,1,,10,EnTC,8.38,Startup
531,jvineseq@japanpost.jp,1,52.593,53.297,69.129,70.136,97.653,97.87,65.133,4,,9,EnTC,7.85,FinTech
532,selcoxer@google.nl,0,83.273,95.423,81.171,94.359,73.451,82.235,93.562,3,,10,CS,7.72,Service
533,pmaweres@salon.com,1,86.121,86.968,99.478,97.161,66.59,74.371,77.383,3,,10,EnTC,8.68,FinTech
534,ctrimminget@statcounter.com,0,97.807,71.038,82.443,66.933,66.411,70.85,97.672,4,,9,EnTC,8.09,FinTech
535,lbarbyeu@dropbox.com,1,82.977,92.895,91.791,73.91,79.359,77.647,78.304,2,,9,EnTC,8.94,Startup
536,nbernthev@sbwire.com,1,67.521,52.473,88.266,96.797,81.147,85.478,74.491,5,,8,CS,7.92,Product
537,osteuartew@studiopress.com,1,81.164,59.27,78.186,91.185,94.714,86.551,88.429,5,,6,IT,8.03,Product
538,welieex@so-net.ne.jp,1,93.305,64.761,65.075,75.515,99.205,89.813,77.946,2,,9,IT,9.68,Product
539,lnieceey@sfgate.com,0,84.571,90.625,86.347,93.444,72.223,74.955,94.505,,5,1,EnTC,8.14,Product
540,frobinetez@cpanel.net,1,57.082,80.555,82.314,76.537,92.131,94.774,82.313,2,,8,EnTC,9.46,Product
541,csandarsf0@netlog.com,0,92.054,68.255,79.919,89.173,84.66,81.97,79.572,3,1,2,CS,7.29,Product
542,smarthenf1@state.gov,1,83.395,97.099,83.279,77.708,76.123,94.444,70.871,2,,9,IT,6.32,FinTech
543,ebeynef2@vimeo.com,1,66.759,54.002,94.143,70.827,99.257,82.957,91.389,,3,8,EnTC,8.57,Product
544,kdowyerf3@twitpic.com,0,75.069,56.992,76.364,86.051,81.601,74.242,87.494,3,,2,IT,6.87,Product
545,sblincowef4@jiathis.com,1,52.59,69.404,65.88,74.031,78.955,92.719,88.031,5,,2,CS,9.3,Service
546,csherwenf5@soup.io,1,74.433,85.087,86.27,85.005,73.331,71.707,88.829,,,4,CS,6.82,Service
547,gdhillonf6@networkadvertising.org,1,78.126,62.69,67.786,81.077,94.741,82.913,68.616,,,2,CS,8.79,Service
548,sgrosef7@sogou.com,1,94.237,82.892,74.662,69.776,66.569,76.495,86.613,2,,7,IT,7.7,Service
549,hputsonf8@t.co,1,95.244,68.24,74.05,95.527,83.293,85.379,93.183,4,,9,IT,8.94,Product
550,ocroanf9@amazon.com,0,66.479,93.299,79.07,93.786,84.49,93.152,90.563,3,,2,EnTC,7.56,Service
551,emebesfa@wsj.com,0,74.188,94.919,66.39,92.658,95.421,91.77,83.856,1,,5,IT,6.49,FinTech
552,ncherrymanfb@alibaba.com,0,69.295,60.604,84.206,93.161,79.017,92.041,73.393,2,,3,IT,8.02,Startup
553,bwainfc@usa.gov,0,79.143,77.96,75.781,81.873,77.142,76.376,99.33,5,,1,IT,6.33,Service
554,jleningfd@rambler.ru,0,54.563,94.0,94.112,73.692,84.687,94.116,90.508,,,8,EnTC,9.35,Service
555,llivensfe@prlog.org,1,98.597,67.086,95.162,90.438,72.225,89.852,71.474,3,,8,CS,8.96,Service
556,rchastagnierff@wiley.com,1,61.886,58.806,78.912,73.747,82.047,76.507,88.597,5,,3,EnTC,7.31,Product
557,lgoodfg@posterous.com,1,54.941,53.296,71.946,71.548,72.568,69.919,92.306,5,,1,CS,8.71,Service
558,cpakenhamfh@zdnet.com,1,59.606,63.68,66.173,66.41,72.543,84.421,77.182,,,10,IT,8.25,FinTech
559,dmquhargefi@addthis.com,1,62.543,95.97,72.588,88.268,67.086,70.239,97.971,2,,8,CS,9.73,Startup
560,acotterellfj@nhs.uk,1,73.66,68.99,75.317,76.767,95.076,92.12,84.007,3,,4,CS,6.55,Product
561,bheitonfk@weather.com,1,72.776,61.679,79.279,87.848,88.211,71.516,93.4,5,3,4,IT,8.71,Product
562,shannefl@ft.com,0,58.414,79.162,98.449,69.082,82.647,79.238,86.112,4,,4,CS,6.07,FinTech
563,cgoslingfm@squarespace.com,0,52.418,50.116,96.053,82.644,79.976,98.917,75.783,5,,5,CS,9.81,FinTech
564,dpirotfn@amazon.co.jp,0,95.598,98.484,87.313,80.15,70.284,98.707,67.571,2,,6,CS,9.42,FinTech
565,mleffekfo@ibm.com,1,58.286,57.816,81.791,74.393,96.285,69.621,69.093,,,4,EnTC,7.05,Service
566,bscholardfp@sina.com.cn,0,71.417,64.241,67.814,66.077,74.215,95.359,88.544,4,,6,EnTC,9.64,Product
567,hhinderfq@prweb.com,0,76.688,90.584,80.346,86.792,74.581,90.801,95.906,4,,9,CS,7.03,FinTech
568,iclotworthyfr@surveymonkey.com,0,88.031,68.439,95.832,99.401,97.556,98.337,77.971,2,,6,CS,9.14,Startup
569,dwhealfs@rambler.ru,1,94.275,81.841,68.905,85.74,65.43,68.225,84.146,1,1,3,IT,8.59,Startup
570,bgoadeft@multiply.com,0,70.371,89.413,84.244,84.352,68.714,87.039,66.072,2,,9,IT,7.48,Product
571,mmineghellifu@answers.com,1,89.795,66.771,90.017,67.522,73.447,66.222,87.565,5,,8,IT,7.38,Startup
572,isummersidefv@dion.ne.jp,0,62.787,63.647,85.903,96.014,89.639,71.016,99.148,4,,7,IT,8.83,Startup
573,jgrigorianfw@bloglovin.com,1,76.396,65.436,67.225,65.232,99.965,95.195,94.81,1,,6,EnTC,6.4,Service
574,ekinnanefx@amazonaws.com,1,93.838,71.602,87.855,70.221,80.162,91.858,96.292,1,,7,EnTC,8.74,Product
575,cjarnellfy@biblegateway.com,1,71.974,96.529,92.904,88.385,92.205,74.41,66.635,2,3,8,CS,9.34,Startup
576,jandinofz@pinterest.com,1,59.546,93.438,74.401,90.275,84.32,70.923,84.435,4,4,4,CS,8.98,FinTech
577,bcarekg0@networkadvertising.org,0,54.756,52.309,82.067,74.465,97.661,85.681,70.118,4,,2,IT,9.22,FinTech
578,dweedong1@seesaa.net,1,90.731,61.487,71.935,86.132,68.481,65.075,86.829,5,,7,CS,6.92,Startup
579,bmcvieg2@clickbank.net,0,74.861,52.633,95.115,65.841,88.936,65.487,73.548,5,,5,EnTC,9.43,Startup
580,jcampg3@addtoany.com,0,86.417,63.261,93.657,69.499,96.272,76.013,94.505,1,,8,CS,8.56,FinTech
581,dzaniolog4@mac.com,0,84.869,64.953,68.319,87.206,84.668,85.884,76.933,1,,10,IT,7.3,Startup
582,mmccanng5@hugedomains.com,1,56.058,98.36,98.319,70.708,87.521,78.986,79.529,,,1,IT,6.3,Service
583,kstuteg6@creativecommons.org,0,99.841,53.556,98.505,72.214,76.6,97.469,97.785,1,,1,EnTC,8.83,Startup
584,ebrattellg7@yandex.ru,1,93.095,99.386,98.188,81.904,65.204,85.559,97.306,,5,1,IT,7.43,Startup
585,mbrayshawg8@tuttocitta.it,0,74.624,98.109,67.549,75.402,76.322,85.199,68.536,,,1,EnTC,8.28,Service
586,rleyninyeg9@aboutads.info,1,99.746,57.847,70.864,71.871,69.151,91.917,97.848,1,5,4,CS,6.71,Product
587,swinsperga@github.io,1,52.666,72.83,85.319,97.123,91.758,85.353,78.154,5,,2,EnTC,7.7,Startup
588,slevecquegb@rambler.ru,0,72.67,89.506,65.664,66.71,95.993,75.706,71.249,,,5,EnTC,6.73,Startup
589,cdorsettgc@opensource.org,0,73.778,58.82,67.617,82.644,95.201,81.788,82.089,2,,5,EnTC,9.02,Service
590,pbossinghamgd@hhs.gov,1,90.563,95.9,90.035,80.04,74.8,73.65,95.06,3,,2,CS,8.36,Service
591,lmacknielyge@wordpress.com,1,89.465,52.027,82.19,70.221,71.868,65.179,92.908,2,,2,EnTC,7.01,Service
592,meddengf@gnu.org,1,72.076,74.728,74.443,81.933,94.034,81.118,81.303,,2,1,CS,7.68,Product
593,mterrazzogg@marriott.com,0,50.78,74.693,90.537,77.106,94.171,66.447,92.493,,,8,EnTC,7.49,Startup
594,jnestorgh@redcross.org,1,89.068,80.014,68.867,66.772,82.514,71.257,87.338,3,1,1,EnTC,9.2,Product
595,ireihmgi@com.com,0,54.506,57.253,97.279,77.778,86.694,87.583,85.074,5,1,2,IT,9.78,FinTech
596,wleyzellgj@diigo.com,0,74.804,67.712,91.213,65.265,88.623,85.367,96.917,,,6,EnTC,7.15,Service
597,ogisbornegk@mapy.cz,1,78.276,97.574,75.852,66.859,91.293,76.951,87.931,,,9,IT,7.66,Product
598,jluipoldgl@blogtalkradio.com,0,56.768,85.46,77.82,67.002,86.2,70.187,93.18,2,,8,IT,6.33,Startup
599,wainsworthgm@imgur.com,0,72.817,81.809,86.373,83.474,66.179,76.507,75.027,3,,1,CS,9.34,Service
600,bpetrign@quantcast.com,0,87.224,84.49,77.824,67.014,97.623,97.408,95.696,2,,5,IT,6.16,Product
601,cskuresgo@facebook.com,0,90.351,85.681,77.733,71.738,82.44,74.52,94.233,4,5,2,CS,9.24,Product
602,aputtnamgp@tamu.edu,1,92.812,86.802,97.293,77.512,93.369,94.194,81.712,4,1,4,IT,7.14,Service
603,nsladegq@facebook.com,0,84.68,54.392,78.907,95.203,95.353,81.589,65.72,3,4,3,EnTC,8.91,Startup
604,shansengr@weibo.com,0,84.83,75.525,67.12,66.976,70.321,67.299,98.884,3,,4,IT,6.09,Product
605,fhalbordgs@over-blog.com,1,59.845,75.341,82.759,95.1,91.669,93.174,82.019,1,,9,CS,7.14,FinTech
606,gderellgt@example.com,1,81.182,52.63,69.291,83.226,99.131,86.029,70.706,2,,4,EnTC,6.01,Product
607,iskelhorngu@e-recht24.de,1,90.629,77.25,91.298,89.044,97.252,70.652,76.64,,1,4,EnTC,6.32,Product
608,mlardezgv@bing.com,0,96.368,62.825,71.45,77.46,86.198,94.857,96.097,,,8,CS,8.64,Startup
609,hcaudwellgw@netvibes.com,1,88.297,64.513,68.349,72.144,77.921,77.439,93.214,2,3,4,CS,9.32,Service
610,ffrowdgx@sitemeter.com,0,59.945,73.741,68.267,71.186,85.974,74.975,85.089,2,,8,IT,9.25,Product
611,agriefgy@biblegateway.com,0,53.873,64.927,73.015,82.752,65.479,96.459,94.516,4,,8,EnTC,8.4,Product
612,agreenhaughgz@disqus.com,0,72.224,57.334,70.251,83.898,66.347,85.72,91.539,2,,6,IT,7.52,Startup
613,mgrabehamh0@mac.com,0,54.983,82.895,87.906,69.709,85.216,74.917,75.476,3,,9,IT,9.48,Service
614,nsaxbyh1@woothemes.com,1,75.734,81.914,91.784,67.02,96.27,70.07,81.67,2,,6,EnTC,6.65,Startup
615,jcristofarih2@miibeian.gov.cn,0,80.729,89.953,67.157,79.227,93.166,83.126,94.268,,,6,IT,9.73,Startup
616,ahannamh3@slashdot.org,1,68.938,93.852,88.157,72.425,73.87,99.57,99.483,2,,4,EnTC,8.54,Service
617,scullefordh4@boston.com,1,77.727,86.428,67.259,93.269,79.752,98.812,72.949,2,,2,CS,8.35,Startup
618,metherseyh5@ucla.edu,0,88.14,97.567,70.436,93.154,70.318,97.008,85.536,5,,4,CS,6.42,FinTech
619,tdivineyh6@google.fr,1,50.818,73.92,86.818,65.273,95.551,66.115,97.961,4,,3,CS,9.43,Product
620,smenghih7@homestead.com,0,53.032,74.415,75.017,85.289,74.032,82.85,75.396,,,4,IT,7.57,Service
621,ecarnellh8@issuu.com,1,55.126,61.562,88.466,99.695,69.26,94.894,76.399,3,,8,CS,6.95,FinTech
622,pcausleyh9@cnbc.com,1,62.876,58.063,68.51,80.038,77.926,82.718,72.15,2,1,6,EnTC,7.07,FinTech
623,emenhamha@dion.ne.jp,1,91.022,53.446,84.817,81.369,72.424,94.567,80.791,,,3,CS,7.9,Product
624,hhillinhb@prnewswire.com,1,87.331,80.209,74.42,75.734,85.124,88.522,72.705,1,,9,CS,8.42,Product
625,fizhakhc@ucoz.ru,1,94.693,58.421,71.173,93.939,79.914,89.922,98.47,4,,4,CS,7.03,Product
626,lfritschmannhd@tamu.edu,1,85.749,80.752,69.116,73.31,92.444,83.048,92.703,5,,8,CS,7.76,Product
627,tblakesleehe@zimbio.com,1,94.015,81.598,84.058,72.163,81.383,89.728,75.717,4,,8,CS,9.23,Service
628,azanittihf@wikispaces.com,0,51.327,60.582,82.564,93.681,88.237,99.449,74.143,5,,9,EnTC,7.0,Service
629,dmellonbyhg@facebook.com,1,93.211,64.034,78.412,91.095,74.078,66.958,88.792,1,,3,CS,7.58,FinTech
630,cchiecohh@php.net,1,91.563,70.768,98.622,75.35,72.624,76.403,72.332,4,,5,EnTC,6.56,Startup
631,nkarlemanhi@princeton.edu,0,65.887,72.237,93.982,75.531,81.413,86.217,76.358,2,2,4,IT,8.44,Startup
632,lspirahj@lycos.com,0,89.623,71.526,70.753,65.002,70.969,84.144,66.665,2,1,8,IT,9.05,Service
633,enenohk@deviantart.com,1,93.253,67.432,91.993,93.041,90.509,69.309,65.089,3,,8,EnTC,6.2,Startup
634,hmoynihanhl@biglobe.ne.jp,0,66.417,76.563,70.03,99.444,68.746,95.827,90.083,,2,8,IT,6.23,FinTech
635,wszymaniakhm@vkontakte.ru,0,57.494,57.019,70.533,83.515,75.954,69.081,84.388,,,9,IT,7.63,FinTech
636,tturbefieldhn@blinklist.com,0,86.324,66.691,95.488,94.493,73.1,97.774,86.708,2,3,10,IT,8.98,Product
637,hlarosaho@imgur.com,1,93.612,73.208,77.321,66.027,99.36,75.963,66.191,3,2,4,CS,8.72,Startup
638,rblighhp@omniture.com,1,85.877,93.064,87.723,65.525,71.921,97.103,92.861,3,,2,EnTC,7.25,FinTech
639,cburnethq@noaa.gov,0,82.33,58.08,73.359,87.014,87.967,87.701,73.135,,,7,CS,9.89,Product
640,aarmithr@bbb.org,0,71.346,98.229,72.675,66.605,81.058,88.43,83.919,,,6,EnTC,6.11,Service
641,mtebbuths@sun.com,0,67.609,94.938,89.863,89.767,80.732,73.522,77.694,,,3,CS,8.83,Service
642,yraffonht@ow.ly,0,74.016,75.59,98.126,66.829,86.225,86.377,87.731,5,,1,IT,8.78,Product
643,mvarkerhu@hubpages.com,0,86.574,89.133,92.866,74.727,93.198,86.302,65.985,1,,4,CS,7.55,Product
644,btiffanyhv@vimeo.com,1,61.455,67.472,73.062,72.064,68.774,98.728,97.742,3,,9,IT,9.41,Startup
645,gsavatierhw@ibm.com,0,88.314,57.6,96.669,73.517,86.047,86.775,98.933,,3,10,IT,6.92,Product
646,mnicholeshx@hostgator.com,0,68.751,88.442,68.615,66.547,73.83,90.308,86.037,,,4,EnTC,8.0,Service
647,mjanusikhy@va.gov,1,54.653,77.555,68.451,70.189,75.445,88.673,93.946,3,,5,IT,6.29,Product
648,bbernakiewiczhz@instagram.com,0,60.734,56.786,90.747,90.129,76.485,80.263,87.311,3,4,1,CS,9.58,Product
649,tdibsdalei0@vinaora.com,0,93.348,66.682,93.168,94.339,72.183,66.986,92.548,3,,5,CS,7.98,Product
650,vsissonsi1@house.gov,1,54.68,76.678,96.24,78.346,86.355,78.627,66.606,,3,6,IT,9.9,Startup
651,jcridlandi2@fc2.com,1,91.394,63.614,72.846,70.497,91.125,93.2,90.588,,,4,IT,9.14,Startup
652,rbogi3@weibo.com,0,54.15,77.153,80.092,72.701,95.792,83.345,82.668,3,,4,IT,7.12,Service
653,lloweri4@kickstarter.com,1,54.016,93.179,73.792,94.645,90.724,81.403,99.799,,,5,IT,9.26,FinTech
654,vrobardleyi5@zimbio.com,1,91.543,50.724,80.871,84.994,65.071,85.938,78.699,,3,9,CS,6.05,Service
655,pabboti6@smugmug.com,1,95.852,86.025,72.113,88.304,79.851,69.694,65.719,1,,7,IT,6.57,Startup
656,jmackiewiczi7@desdev.cn,1,70.036,72.68,65.421,80.776,69.854,82.972,69.037,1,3,9,EnTC,6.59,Startup
657,shutchasoni8@foxnews.com,0,64.703,82.557,84.162,71.144,81.147,86.533,90.087,4,,5,EnTC,8.54,FinTech
658,ibuttgowi9@sina.com.cn,1,57.421,84.319,98.316,80.546,98.097,85.509,78.137,3,,4,EnTC,7.64,Product
659,alongmaidia@over-blog.com,0,74.537,69.91,90.178,72.451,66.453,76.769,86.092,,,4,CS,6.07,Product
660,dkempeib@typepad.com,0,78.291,71.108,83.628,94.701,72.59,88.885,98.328,,5,1,IT,7.72,Startup
661,agilbyic@amazon.co.uk,1,93.608,56.266,83.876,76.457,85.945,91.472,84.699,,,2,IT,9.85,Product
662,lbrowellid@sogou.com,1,50.35,57.536,98.456,77.185,99.133,86.495,84.485,1,,7,EnTC,8.3,Product
663,dkinsmanie@alibaba.com,0,86.238,69.637,96.367,81.942,98.053,93.695,97.483,4,1,9,EnTC,9.03,Startup
664,mhurneif@mozilla.org,1,92.198,75.153,88.445,96.962,81.146,84.897,74.212,5,,10,IT,7.5,Startup
665,oborringtonig@eepurl.com,0,84.847,56.251,75.254,94.032,92.904,84.533,92.149,1,,5,CS,8.22,Startup
666,rpuddenih@tiny.cc,1,73.601,55.357,99.742,83.288,90.615,70.827,90.02,,,8,CS,8.01,Service
667,gcoyleii@printfriendly.com,0,93.262,96.025,80.555,76.408,75.589,83.547,70.992,,,4,CS,6.94,FinTech
668,udeclerqij@nydailynews.com,0,86.017,67.419,93.977,73.07,84.126,91.609,93.507,,,4,EnTC,6.77,Startup
669,jsabattierik@nps.gov,1,54.716,55.646,91.298,90.377,90.042,94.759,86.153,,,4,CS,7.28,Service
670,amongeril@wp.com,0,87.793,66.227,83.171,99.478,77.555,66.307,95.698,3,,4,CS,7.05,Startup
671,aabrianiim@ebay.co.uk,1,67.406,64.893,87.987,74.644,79.07,82.854,83.651,2,,4,CS,9.53,Product
672,ahuniwallin@quantcast.com,0,71.555,60.923,72.547,93.798,85.476,66.576,79.384,4,,8,CS,6.91,Service
673,adieganio@scientificamerican.com,1,80.114,90.807,90.899,84.866,76.472,83.865,94.34,,,1,EnTC,7.59,Service
674,dpallisip@hibu.com,1,84.015,57.692,84.541,85.784,66.708,73.036,71.04,5,,2,IT,7.12,Startup
675,harnaudiq@yellowpages.com,0,84.358,94.711,92.284,72.302,74.716,99.216,87.79,1,3,1,EnTC,6.11,FinTech
676,mdarchir@zimbio.com,0,59.045,75.891,69.572,74.431,88.109,78.337,66.058,5,,3,EnTC,7.41,Startup
677,etreweekis@guardian.co.uk,0,86.985,91.102,68.656,76.099,83.898,75.693,92.99,3,,8,CS,9.48,Service
678,btrobeit@technorati.com,0,86.647,93.593,76.195,74.842,95.806,90.979,90.164,3,,10,EnTC,7.15,Startup
679,scashiniu@army.mil,0,60.869,50.027,90.601,96.087,98.568,67.593,90.53,,,9,CS,9.27,Startup
680,bmccrearyiv@godaddy.com,1,96.348,90.617,74.219,76.502,97.245,83.594,89.087,4,2,9,CS,6.61,Product
681,greallyiw@google.ca,0,52.137,70.993,93.035,92.453,66.474,65.08,65.56,,,6,IT,7.76,Service
682,cabbeyix@marketwatch.com,1,58.83,92.693,81.489,86.634,89.966,65.576,77.237,3,,8,IT,6.39,Product
683,kreddingiy@opera.com,1,94.919,58.933,79.67,66.68,96.376,96.805,91.285,5,,8,EnTC,6.03,Service
684,mfenelowiz@marketwatch.com,1,95.425,63.883,66.762,74.921,67.371,77.169,68.543,5,,5,IT,7.51,Product
685,sstrickettj0@networkadvertising.org,1,85.036,96.424,66.227,90.742,90.991,77.756,70.557,,3,2,CS,9.84,FinTech
686,jwhittockj1@bbc.co.uk,0,69.995,71.433,90.24,86.339,74.665,84.934,88.79,,,2,IT,7.27,Service
687,qliasj2@stanford.edu,0,83.254,87.041,67.661,74.028,81.326,99.84,68.951,3,,8,IT,6.54,Service
688,scortesej3@cnbc.com,1,88.303,77.687,81.633,69.133,88.467,83.849,94.788,5,,1,IT,8.72,Startup
689,mfisherj4@stanford.edu,0,56.349,65.547,85.935,65.533,81.091,85.521,90.688,,,1,IT,8.84,Startup
690,abesquej5@wix.com,1,66.103,73.756,85.406,70.929,87.36,82.239,86.521,,,2,IT,7.7,Product
691,jdraceyj6@accuweather.com,0,96.42,82.007,70.367,83.296,92.379,93.078,65.257,3,,9,IT,8.31,Product
692,ablazejewskij7@redcross.org,1,87.761,91.218,91.268,73.385,78.697,95.759,73.658,2,,8,IT,8.83,FinTech
693,rkringej8@dmoz.org,0,62.759,79.551,79.288,72.823,65.822,96.257,83.457,1,,3,EnTC,9.2,Startup
694,dskepj9@yandex.ru,0,55.797,54.221,69.645,82.93,85.59,93.779,92.863,3,,3,EnTC,8.48,Startup
695,bbohlsenja@google.com.au,0,70.206,71.975,84.896,82.078,79.012,71.183,91.386,,,8,EnTC,7.86,Product
696,ghaversumjb@nih.gov,0,67.47,67.654,68.775,95.356,85.599,74.9,91.121,4,,3,CS,9.88,Product
697,lphilipeauxjc@intel.com,0,72.547,71.967,84.597,68.235,75.77,89.424,96.48,1,,4,IT,7.91,Product
698,jwinningjd@qq.com,1,85.324,54.158,92.962,77.891,77.311,82.331,97.595,,,10,IT,6.43,FinTech
699,dfenechje@zimbio.com,0,78.521,87.24,86.614,96.188,74.322,81.586,97.753,1,3,2,IT,8.64,Service
700,edegnenjf@accuweather.com,1,52.123,62.429,96.326,76.647,94.292,81.579,86.519,,3,5,IT,8.75,Product
701,lstoppejg@qq.com,1,90.196,69.052,90.295,71.076,75.187,67.334,66.39,,,4,EnTC,8.43,Product
702,rdetoilejh@wikispaces.com,0,73.475,56.687,69.838,78.536,91.05,87.38,84.011,5,,9,IT,6.51,FinTech
703,sbartoliniji@opensource.org,0,95.498,78.132,73.827,65.917,89.847,70.728,84.256,,,4,IT,8.6,FinTech
704,tbaynejj@slate.com,0,64.034,74.59,73.376,66.43,83.064,85.626,75.173,5,5,7,CS,6.23,FinTech
705,bniessjk@nytimes.com,0,98.273,84.757,98.184,93.257,92.786,73.406,70.226,4,,6,IT,9.82,Product
706,abeninijl@bbc.co.uk,0,50.371,55.528,96.485,96.513,75.293,82.127,91.629,,5,5,EnTC,7.6,Product
707,rtrenemanjm@cmu.edu,1,78.108,66.7,82.77,84.032,82.381,69.848,71.386,5,,7,CS,8.99,FinTech
708,tgaltonejn@utexas.edu,1,57.816,68.551,88.268,84.993,78.662,97.767,70.096,2,,5,IT,6.51,Service
709,droycejo@aboutads.info,0,71.913,90.42,90.703,74.431,77.587,91.651,65.572,3,,10,CS,7.8,Service
710,gpumfrettjp@t.co,1,59.917,66.708,91.383,90.974,84.554,77.229,93.489,3,,5,EnTC,8.37,Startup
711,chighmanjq@usatoday.com,0,57.709,99.454,97.492,71.484,89.509,71.016,80.544,5,,10,EnTC,9.86,FinTech
712,bdavidoffjr@twitpic.com,1,68.161,55.923,78.857,80.704,81.627,68.691,83.993,,2,3,IT,8.15,Service
713,amcclunaghanjs@hostgator.com,0,53.917,56.209,87.847,94.096,85.377,70.934,65.576,4,2,8,EnTC,8.95,Startup
714,vsmallesjt@parallels.com,0,70.667,69.506,82.567,97.54,82.992,98.755,94.585,4,,4,CS,8.41,FinTech
715,cmethamju@cocolog-nifty.com,0,65.357,63.954,72.008,77.036,92.231,70.351,82.962,2,,7,IT,6.72,Startup
716,kherculesjv@twitpic.com,1,60.073,69.724,72.173,80.027,93.163,74.48,79.246,1,,1,IT,8.82,Service
717,plagadujw@hc360.com,1,71.094,62.448,90.97,88.527,96.925,74.636,72.11,1,,6,IT,8.37,Service
718,mshevlinjx@smh.com.au,1,77.587,70.145,72.223,93.019,77.508,70.729,87.123,,,7,EnTC,6.24,Product
719,tpaddelljy@elegantthemes.com,0,99.283,98.738,66.907,69.627,79.277,78.234,69.702,2,1,6,IT,9.21,Product
720,ssheardownjz@multiply.com,1,78.53,75.743,98.582,79.739,83.317,84.348,78.026,,,8,CS,6.36,Product
721,vvinesk0@blinklist.com,1,60.676,50.054,66.565,83.898,92.732,84.648,69.733,5,,4,IT,9.71,Product
722,bconnewk1@nba.com,1,66.559,70.19,82.97,71.102,95.538,73.402,82.581,,3,3,EnTC,9.81,Startup
723,jsteutlyk2@cbslocal.com,0,71.142,95.93,76.516,72.75,90.484,70.78,82.607,5,3,8,CS,6.31,Service
724,milemk3@wordpress.org,1,54.406,51.757,83.941,66.444,88.77,91.8,74.201,,3,2,EnTC,8.55,Product
725,pedworthiek4@ovh.net,0,77.881,55.971,92.881,72.424,68.556,81.227,70.2,1,,1,CS,7.25,FinTech
726,blosbiek5@slashdot.org,0,77.512,79.27,67.829,84.491,74.725,96.166,95.741,5,,7,CS,9.9,Product
727,jsaundersonk6@cbc.ca,1,96.101,73.013,71.854,84.561,94.303,68.951,69.602,1,,5,IT,7.33,FinTech
728,dkibbyek7@bravesites.com,0,63.145,88.948,71.577,77.986,97.858,98.829,90.261,,,5,EnTC,7.38,Service
729,lhartopk8@furl.net,1,64.807,93.526,92.114,88.762,77.47,74.622,73.849,,1,7,CS,7.13,Startup
730,adrewek9@altervista.org,1,72.357,82.688,68.457,66.971,93.469,89.098,75.231,1,,2,EnTC,7.94,Service
731,kcrustka@illinois.edu,1,74.02,67.238,83.704,77.922,98.718,82.142,85.222,3,5,6,EnTC,8.4,Startup
732,amuscatkb@economist.com,1,57.434,81.936,66.19,78.395,87.437,68.564,88.131,,,4,CS,9.18,Startup
733,cbenionkc@google.nl,0,70.525,73.754,85.082,83.087,78.189,87.746,80.691,4,,3,IT,6.46,Product
734,dcoulthurstkd@domainmarket.com,0,95.275,63.057,75.373,89.076,76.521,90.18,99.059,4,,2,CS,9.8,Startup
735,bmeadeke@about.me,0,90.073,51.358,85.82,84.088,89.066,76.853,81.363,,,7,IT,9.78,Startup
736,jjulyankf@amazon.com,1,53.257,78.76,82.243,71.919,72.169,77.394,95.255,,,5,CS,9.82,Startup
737,ffleurykg@addthis.com,0,73.75,77.692,97.69,65.907,92.231,97.733,78.507,4,,8,EnTC,8.17,FinTech
738,ldeyekh@biglobe.ne.jp,1,80.365,55.659,88.52,92.222,73.164,99.988,84.91,5,,8,IT,8.46,Service
739,jtruckettki@miitbeian.gov.cn,1,83.439,78.331,92.788,97.265,96.124,99.912,99.943,2,,6,CS,7.69,FinTech
740,cmingaudkj@theatlantic.com,0,51.184,60.005,73.893,79.321,96.818,85.716,79.508,4,,2,EnTC,7.33,Service
741,kbrewertonkk@uiuc.edu,0,61.748,91.368,84.288,95.673,81.231,97.86,65.671,5,,7,CS,7.6,Product
742,taudibertkl@whitehouse.gov,0,55.645,81.294,90.403,91.543,92.342,89.582,69.214,3,,9,IT,7.74,Startup
743,dmartinetkm@trellian.com,1,59.856,55.431,69.614,94.844,72.747,99.958,92.724,5,,3,CS,9.95,FinTech
744,mashfullkn@comsenz.com,0,69.334,68.053,85.278,65.179,97.837,96.172,68.002,,,7,EnTC,8.84,Startup
745,lschaferko@latimes.com,0,97.12,71.831,92.314,66.145,72.32,73.504,96.029,2,,8,CS,8.83,FinTech
746,tmattiessenkp@vimeo.com,0,52.574,61.975,76.356,97.806,93.085,98.707,82.274,,,3,CS,9.31,Service
747,lelmerkq@jigsy.com,0,82.789,68.947,75.067,68.296,69.267,83.524,86.821,2,,9,CS,6.17,FinTech
748,lhaysmankr@de.vu,1,57.74,78.183,70.008,98.073,78.587,87.532,97.164,3,,1,CS,7.45,Service
749,imangenetks@who.int,0,82.009,51.037,67.347,90.928,99.349,72.549,71.443,1,,9,IT,6.05,FinTech
750,fwestmorekt@toplist.cz,1,97.014,55.309,71.943,98.642,65.503,76.219,70.988,1,3,5,CS,8.44,Service
751,kinchbaldku@washington.edu,0,53.481,89.076,81.753,65.052,77.54,96.057,68.885,,,9,EnTC,6.48,Product
752,ztopingkv@godaddy.com,0,81.023,64.531,82.475,71.864,84.142,84.331,77.592,2,4,1,CS,9.98,Service
753,sleggskw@marriott.com,1,79.826,84.221,90.112,65.435,78.68,80.128,88.893,,,6,IT,9.21,Startup
754,mcotgravekx@pbs.org,0,52.651,92.781,91.335,79.445,95.035,82.378,81.868,5,,5,EnTC,7.49,Product
755,jguinanky@reuters.com,1,76.516,54.313,76.448,99.603,65.018,69.573,71.906,1,,3,CS,8.93,Startup
756,lcoundleykz@ox.ac.uk,0,67.141,88.451,93.88,87.575,65.26,88.079,67.82,,1,1,CS,8.11,Startup
757,cattrilll0@w3.org,1,83.006,86.081,71.719,65.781,82.287,90.786,74.584,2,4,8,IT,9.29,Service
758,fhiscoel1@xing.com,1,63.073,87.151,83.011,97.608,82.399,72.336,76.244,2,,3,IT,9.64,Startup
759,eminearl2@ox.ac.uk,0,72.206,71.17,86.536,83.211,85.664,85.39,86.645,,,4,EnTC,7.14,FinTech
760,ldoudl3@answers.com,1,75.349,82.529,71.666,94.504,65.367,93.569,76.812,3,,6,IT,9.67,Startup
761,amcmeekanl4@wikia.com,1,98.901,52.292,98.638,65.504,77.692,74.384,74.416,,,4,CS,6.68,Startup
762,clobl5@exblog.jp,1,81.769,69.814,98.56,90.774,81.299,89.587,78.845,,,8,IT,6.02,Service
763,oaleksichl6@answers.com,0,57.977,84.749,89.667,89.842,98.525,70.749,95.985,5,,10,IT,9.22,Startup
764,nshoveltonl7@gizmodo.com,0,69.366,89.988,99.165,79.941,67.356,67.722,75.29,,,1,EnTC,6.86,Startup
765,dgoodounel8@shinystat.com,1,62.137,80.547,73.72,96.043,88.157,81.826,90.73,,,8,CS,8.5,Startup
766,ajouhanl9@who.int,0,90.9,66.309,95.572,87.334,90.42,87.544,84.644,2,,4,IT,8.18,FinTech
767,wburnellla@networksolutions.com,0,66.123,62.695,90.339,84.947,89.857,86.844,85.508,2,,10,CS,6.04,Startup
768,ldeakeslb@auda.org.au,1,77.211,70.108,77.329,85.854,75.564,81.68,81.073,,,9,EnTC,6.17,FinTech
769,epyfordlc@ucsd.edu,0,63.445,78.703,83.914,77.935,98.221,87.773,89.112,3,,4,CS,9.86,Product
770,sclemasld@yolasite.com,1,53.131,65.311,69.653,66.834,84.968,70.817,99.117,2,3,5,CS,7.63,FinTech
771,caronsteinle@dailymail.co.uk,0,74.515,52.096,96.965,89.796,95.276,73.783,71.852,5,,10,IT,9.94,FinTech
772,pbeeblelf@friendfeed.com,0,84.242,96.283,97.518,83.629,74.368,95.244,98.873,,,5,IT,8.62,FinTech
773,cbrugemannlg@tripod.com,1,54.71,57.887,88.967,78.165,66.395,84.144,85.876,3,2,6,CS,9.65,Startup
774,acarderlh@google.cn,0,70.578,90.148,96.869,95.823,67.209,73.645,89.668,2,4,5,IT,9.65,Service
775,lbambli@google.ru,0,94.795,88.569,84.0,97.154,96.267,65.672,77.489,1,1,1,CS,6.11,Service
776,acaiglj@prlog.org,1,93.772,50.827,77.105,88.464,77.78,94.182,65.506,,2,3,CS,8.63,Product
777,mhyattlk@vinaora.com,1,74.101,50.523,72.075,84.631,83.819,74.616,99.807,,,2,EnTC,9.92,Startup
778,aorchartll@com.com,1,86.29,69.453,82.828,79.947,68.805,67.994,82.933,3,,6,EnTC,7.73,Service
779,bbrookeslm@nsw.gov.au,1,56.098,66.199,75.233,69.222,85.857,70.454,74.434,,5,7,CS,6.22,FinTech
780,apesikln@yelp.com,1,86.748,89.335,71.021,88.595,99.502,86.377,72.023,4,,8,CS,7.72,FinTech
781,hyouleslo@gravatar.com,1,63.969,73.083,85.548,79.787,79.703,97.916,89.883,2,,8,CS,9.23,Service
782,dgimblettlp@arstechnica.com,0,97.235,58.283,87.102,66.687,89.884,71.116,88.499,5,,8,CS,6.66,Service
783,gsterlandlq@angelfire.com,1,68.405,56.568,66.405,74.375,82.339,89.196,76.839,,2,1,CS,8.68,Service
784,pbruckmannlr@gizmodo.com,0,53.602,79.194,97.485,76.214,75.777,93.261,66.183,3,,7,IT,7.55,FinTech
785,kvanarsdalels@jalbum.net,0,58.441,68.646,98.157,94.952,87.976,67.643,87.246,3,,4,EnTC,6.85,FinTech
786,lwanklynlt@gnu.org,0,56.31,77.514,89.885,69.328,78.276,80.508,65.369,2,,7,CS,6.97,FinTech
787,mhutsonlu@harvard.edu,0,87.521,70.879,82.942,94.701,83.927,81.337,96.884,2,,1,EnTC,6.49,Startup
788,fmustardelv@qq.com,0,72.231,78.263,92.553,71.758,97.459,71.512,90.933,,2,7,EnTC,9.9,Startup
789,rlowdhamlw@sogou.com,1,88.374,76.954,83.256,67.399,86.732,77.777,76.774,,,7,CS,7.74,Product
790,dmaccostylx@imgur.com,0,53.284,90.694,97.618,86.507,75.987,90.369,94.284,5,2,1,CS,9.14,Startup
791,tstitchly@canalblog.com,1,63.655,53.012,93.865,68.14,75.195,86.54,66.631,5,5,1,EnTC,6.81,FinTech
792,arobersonlz@intel.com,1,87.907,86.033,77.051,92.336,82.11,90.082,71.013,,,10,IT,7.04,FinTech
793,jsalzburgm0@joomla.org,1,65.155,75.003,74.412,71.247,79.745,92.899,88.921,,,5,CS,7.95,Startup
794,mcarolanm1@drupal.org,0,93.015,60.44,88.774,83.709,69.77,85.641,87.623,,1,10,CS,8.1,Service
795,kdoudnym2@liveinternet.ru,1,87.655,87.08,71.801,90.955,66.431,81.595,73.398,2,,7,EnTC,8.08,Startup
796,gbortoluttim3@answers.com,0,69.398,52.63,91.889,70.789,94.881,65.725,97.851,,,4,IT,6.69,Product
797,tlewintonm4@smugmug.com,0,82.249,54.126,96.685,80.346,87.793,76.839,93.665,5,,5,CS,7.71,Product
798,smithonm5@photobucket.com,0,60.602,70.757,92.04,93.417,74.856,84.396,93.584,,5,9,CS,6.11,FinTech
799,utomasonim6@blinklist.com,1,66.794,65.517,82.055,96.555,97.521,70.012,86.982,,,5,EnTC,9.42,FinTech
800,tcookleym7@mayoclinic.com,0,56.119,55.401,71.808,88.039,89.003,98.431,99.397,,,9,CS,9.49,Product
801,tshadrackm8@linkedin.com,1,76.049,62.006,79.365,80.345,69.443,95.198,99.632,5,5,6,EnTC,9.21,Startup
802,toakenfieldm9@uol.com.br,1,80.034,95.097,87.924,95.609,98.059,84.351,93.888,4,,6,CS,9.46,Startup
803,vruselinma@princeton.edu,0,77.673,89.392,69.255,77.17,65.772,95.386,75.809,,,2,IT,9.24,Startup
804,omctrustiemb@devhub.com,0,71.375,69.634,80.198,70.775,89.097,87.568,90.276,5,,8,CS,7.4,FinTech
805,jemblinmc@imdb.com,1,55.256,63.794,66.385,84.02,99.818,92.674,96.849,,,10,IT,8.94,Product
806,msangermd@hc360.com,0,54.198,92.933,95.412,67.958,73.712,85.226,76.209,4,,4,CS,8.22,Service
807,tspehrme@delicious.com,1,75.322,61.054,87.393,90.49,77.527,79.252,69.417,1,,3,EnTC,8.63,Service
808,rbissillmf@shinystat.com,1,76.1,75.69,69.427,86.828,72.719,84.935,86.413,3,3,8,IT,9.89,Startup
809,olabeuilmg@multiply.com,0,52.715,95.894,97.643,97.375,77.43,74.855,99.081,4,,8,EnTC,9.68,FinTech
810,mgutteridgemh@tmall.com,0,82.562,68.938,66.108,90.892,85.541,80.547,92.862,,3,10,EnTC,6.41,Service
811,jreinardmi@springer.com,0,88.867,94.953,71.151,78.004,76.798,77.666,97.449,4,,7,CS,8.83,Service
812,rwharriermj@whitehouse.gov,0,56.828,85.905,79.857,84.343,76.419,92.716,71.636,4,,5,IT,6.28,Product
813,dvonhagtmk@salon.com,0,53.82,62.538,92.922,73.529,84.439,97.148,98.135,,,10,EnTC,9.16,FinTech
814,hhareml@feedburner.com,0,76.172,91.623,86.315,91.246,87.111,79.466,75.407,,,2,EnTC,8.01,FinTech
815,arickabymm@tmall.com,0,62.411,64.577,66.773,78.626,84.463,79.286,94.1,5,,10,EnTC,9.86,Product
816,hredingmn@zimbio.com,1,62.302,86.583,87.695,73.595,94.188,70.017,91.492,2,,6,IT,8.2,FinTech
817,gkembreymo@japanpost.jp,1,67.39,87.811,89.392,66.578,91.17,70.624,72.974,2,,9,CS,9.81,Startup
818,cedsonmp@nba.com,0,90.934,70.943,83.684,92.584,96.999,65.867,68.917,3,,4,EnTC,8.99,Service
819,rsudronmq@comcast.net,1,83.527,87.205,67.888,65.958,72.097,84.917,80.878,5,3,9,EnTC,6.02,Service
820,rcaulcottmr@ucoz.com,1,60.686,91.654,67.76,84.181,98.424,69.568,72.894,,,4,CS,8.44,Product
821,afalconbridgems@alibaba.com,1,75.943,87.914,86.34,72.32,74.681,80.883,75.904,,,10,IT,8.81,FinTech
822,amoggachmt@t.co,1,95.942,83.814,97.286,66.609,73.349,89.698,97.19,1,,5,EnTC,7.65,Product
823,bmallallmu@google.pl,1,58.491,60.807,84.073,76.823,94.953,83.233,77.831,3,3,1,EnTC,9.11,Startup
824,gfillgatemv@canalblog.com,0,79.185,83.35,97.654,95.539,84.149,94.274,99.852,4,,8,IT,9.31,Product
825,ckindallmw@vinaora.com,0,79.68,99.139,96.105,84.217,80.779,87.652,77.034,,,3,IT,7.16,Startup
826,acaffinmx@marketwatch.com,1,88.224,61.906,65.463,87.217,85.902,67.578,99.793,,,10,CS,8.96,FinTech
827,badamsonmy@1und1.de,0,86.024,83.557,69.97,88.186,90.798,67.782,66.837,3,,9,EnTC,9.93,Service
828,escotsonmz@tripod.com,1,58.98,78.931,97.938,74.405,65.0,77.256,66.528,,,5,EnTC,6.43,Product
829,kgroten0@webnode.com,0,85.06,62.119,84.458,84.034,93.264,79.276,71.46,5,1,4,CS,8.86,Product
830,aleattn1@artisteer.com,0,81.696,62.323,92.923,84.326,69.011,90.252,96.905,5,1,2,EnTC,6.82,Product
831,tswannien2@toplist.cz,1,59.139,51.949,80.072,91.704,95.843,86.694,74.628,3,,2,CS,6.72,FinTech
832,ffilyakovn3@prnewswire.com,0,57.805,75.81,65.432,97.779,87.426,94.152,79.398,4,,9,IT,6.59,Product
833,shartusn4@npr.org,0,90.042,67.966,66.096,67.744,90.108,74.341,91.747,1,,7,CS,7.55,FinTech
834,mpetrollin5@newsvine.com,0,53.762,63.534,96.872,70.75,81.321,75.841,97.425,2,,1,EnTC,7.15,Product
835,rcordn6@sitemeter.com,0,83.516,63.223,98.155,95.651,68.456,86.815,70.825,3,,7,IT,9.14,Service
836,balexandren7@over-blog.com,0,93.326,61.654,88.483,84.212,94.564,80.453,74.91,3,,6,EnTC,6.96,Product
837,gellershawn8@mysql.com,0,82.03,65.502,97.172,90.955,71.052,79.016,78.292,,,8,EnTC,9.35,Product
838,dcoxhelln9@parallels.com,0,55.287,88.465,83.081,95.379,97.011,80.127,73.212,4,,6,CS,8.1,Service
839,gdaintierna@miibeian.gov.cn,1,79.174,82.044,78.098,93.612,96.217,73.518,86.727,4,,9,EnTC,7.66,Product
840,wkettlewellnb@dailymail.co.uk,0,64.117,75.185,66.14,87.259,82.769,77.154,77.573,3,2,6,EnTC,9.69,Startup
841,rmatuszewskinc@netvibes.com,0,88.578,55.486,85.335,78.236,68.865,99.434,67.563,,,10,EnTC,9.52,Product
842,zmausernd@mediafire.com,1,91.473,56.953,89.927,71.058,93.337,68.754,87.333,,,3,IT,6.99,Service
843,efranchionine@devhub.com,1,82.993,66.801,86.225,82.675,88.291,83.264,76.54,1,,3,CS,7.38,Startup
844,sdemetrnf@list-manage.com,1,96.675,91.072,96.346,69.837,95.011,90.344,66.145,5,,4,IT,9.82,FinTech
845,ntraskng@va.gov,1,70.114,76.863,84.619,79.307,77.395,79.819,79.324,,,1,IT,7.14,Product
846,tpancoastnh@behance.net,1,75.775,84.774,67.097,90.455,78.178,90.805,95.679,3,4,10,CS,8.3,Product
847,gprobettsni@storify.com,0,89.736,99.223,74.954,68.782,82.022,97.266,96.275,3,,4,IT,6.69,Product
848,hchilesnj@prnewswire.com,0,91.811,75.957,95.583,65.814,77.767,66.36,85.279,3,5,7,EnTC,8.86,Startup
849,sboysonnk@webs.com,0,78.178,89.939,86.581,89.593,96.953,99.846,92.312,2,,10,CS,7.7,Product
850,jmacrurynl@moonfruit.com,0,67.955,53.605,68.606,79.552,85.606,86.203,99.801,2,,9,EnTC,9.86,Product
851,rcosleynm@delicious.com,0,63.6,99.872,84.125,98.285,94.645,94.356,87.307,,4,3,IT,6.8,FinTech
852,nmozzettinn@cafepress.com,0,75.889,80.278,94.958,93.558,77.493,69.207,74.851,5,,2,EnTC,7.63,Startup
853,promanskino@aol.com,1,74.093,62.016,93.057,78.642,68.472,78.394,83.439,5,,3,EnTC,9.83,Service
854,ahazeltinenp@com.com,1,70.288,71.646,84.214,70.849,88.24,98.564,98.519,,,7,EnTC,9.83,FinTech
855,blymernq@weather.com,1,93.348,88.411,76.798,83.343,97.429,89.037,91.987,,,5,CS,8.74,Startup
856,djocklenr@github.io,1,93.373,85.145,90.528,80.935,78.827,85.745,98.303,,,6,IT,7.1,Startup
857,masplens@dion.ne.jp,0,95.943,55.664,79.928,90.235,76.0,88.402,95.664,5,,5,EnTC,6.41,Service
858,tstainesnt@sitemeter.com,1,62.851,65.488,71.39,68.429,94.776,93.689,81.095,3,2,9,IT,7.88,FinTech
859,dhutchinnu@indiatimes.com,0,77.966,54.68,98.548,81.836,84.228,74.707,99.39,5,2,8,CS,6.05,Startup
860,mwestwoodnv@dion.ne.jp,1,85.414,97.052,70.824,80.429,89.836,94.268,65.632,,2,7,IT,9.88,Service
861,tgritsunovnw@hexun.com,1,94.693,97.556,73.696,95.954,91.033,79.276,94.179,5,5,2,CS,9.5,Service
862,omallionnx@pen.io,1,79.927,99.009,98.29,98.995,88.829,68.226,99.876,1,,10,CS,8.06,Service
863,fdenyny@si.edu,0,90.012,94.647,86.183,99.177,85.953,82.431,80.92,,3,6,CS,7.39,FinTech
864,emacmeekingnz@dot.gov,0,61.134,68.563,93.22,88.267,74.559,96.194,99.612,3,,9,IT,6.9,Service
865,adaddo0@dion.ne.jp,1,55.487,53.051,89.572,98.956,99.909,79.105,95.781,2,,7,EnTC,7.65,FinTech
866,dcollumbello1@trellian.com,1,60.902,74.204,95.262,69.553,80.016,67.39,85.236,4,4,7,EnTC,7.93,Service
867,eguillondo2@telegraph.co.uk,1,76.418,73.185,91.256,75.23,97.164,93.916,97.605,2,,3,EnTC,9.88,Startup
868,pkidsono3@yahoo.com,1,61.183,96.895,68.712,93.369,71.009,74.96,98.64,5,,2,CS,9.22,FinTech
869,mstutteo4@china.com.cn,0,74.558,59.207,83.951,70.128,70.656,78.811,91.695,,5,4,EnTC,6.91,FinTech
870,cbessello5@baidu.com,0,90.396,86.788,82.728,69.35,89.009,99.316,72.343,5,,5,IT,8.4,Product
871,ctorpieo6@mashable.com,1,65.003,85.494,73.771,72.664,66.45,90.748,73.811,5,,1,CS,6.32,Product
872,drosenshineo7@ycombinator.com,0,73.22,82.443,88.808,79.747,81.025,95.596,83.439,,,3,EnTC,9.26,Startup
873,robbardo8@google.ru,1,92.438,51.941,98.392,87.068,83.253,97.922,87.821,5,5,2,EnTC,6.71,Service
874,bharragino9@wikia.com,1,99.286,85.86,83.724,74.946,70.032,74.559,67.132,5,3,3,CS,9.69,Service
875,cstonemanoa@wix.com,1,91.322,97.51,92.959,70.653,65.11,75.579,84.737,,,9,EnTC,9.47,Product
876,qfrapwellob@msn.com,0,98.731,69.084,96.808,99.054,74.111,70.517,93.542,,,2,EnTC,8.39,Service
877,hfanthamoc@guardian.co.uk,1,73.915,97.868,89.367,66.974,91.812,70.293,88.682,5,2,4,CS,8.03,Startup
878,tscadingod@cargocollective.com,0,70.074,61.666,96.202,66.191,65.253,93.107,95.79,4,5,6,CS,9.35,Service
879,mhamberoe@edublogs.org,0,69.045,51.887,87.273,99.449,68.825,99.097,89.274,4,2,1,IT,7.39,Startup
880,bmaciejewskiof@blinklist.com,1,50.826,59.375,97.512,93.554,80.765,83.541,85.174,4,,8,EnTC,6.33,Product
881,tcarmenog@google.pl,1,77.41,53.159,67.175,68.64,84.287,77.872,98.449,3,,3,CS,8.39,Startup
882,tskeggsoh@mtv.com,1,53.865,75.397,83.417,93.015,65.572,86.835,69.819,,,9,CS,9.27,FinTech
883,pgazzardoi@yolasite.com,0,65.743,53.701,73.941,77.765,76.442,66.947,96.276,,,1,CS,8.18,FinTech
884,njaggsoj@hud.gov,1,57.688,55.053,99.953,71.098,78.02,99.622,93.804,3,2,2,IT,8.08,Product
885,pdythamok@cam.ac.uk,1,65.254,93.042,78.259,79.785,83.206,79.301,74.474,1,,10,IT,9.76,FinTech
886,achatresol@army.mil,0,81.535,81.986,80.671,68.29,97.196,80.435,88.547,,,9,CS,9.1,Product
887,jmateuom@homestead.com,0,50.623,85.005,90.278,92.861,82.001,80.542,97.887,3,,6,CS,6.57,FinTech
888,mgladwishon@google.com.br,0,74.864,79.154,98.367,79.573,80.535,99.865,67.499,,,3,IT,8.06,Startup
889,ebabeoo@joomla.org,1,79.15,68.109,70.903,73.493,95.113,67.814,90.739,,,2,EnTC,9.58,FinTech
890,gszwandtop@independent.co.uk,0,94.76,57.701,69.097,94.904,98.406,92.601,94.515,4,,8,EnTC,6.91,Service
891,cwaistalloq@gmpg.org,1,88.509,61.547,72.069,74.998,73.829,96.229,87.332,3,,7,EnTC,7.86,Service
892,pfanningor@sphinn.com,1,97.449,90.758,94.977,74.996,96.695,70.464,98.668,,,7,IT,8.52,Product
893,aexteros@flavors.me,1,83.267,51.293,83.63,68.535,85.192,88.949,87.293,,,4,EnTC,7.64,Product
894,gnortheyot@blinklist.com,1,77.902,56.624,98.305,85.519,87.592,68.155,83.218,3,2,10,IT,8.76,Startup
895,cwanlessou@loc.gov,0,86.135,59.722,90.819,93.437,90.294,65.013,92.427,,2,1,CS,8.73,Service
896,tshulverov@redcross.org,1,64.612,65.849,85.912,67.78,78.886,90.651,68.765,2,,4,EnTC,8.97,Service
897,kfacciniow@baidu.com,1,62.796,90.536,89.904,76.718,91.069,95.39,78.871,2,,8,IT,9.8,Product
898,jspracklingox@jiathis.com,0,83.317,69.249,87.032,76.929,66.924,95.473,82.696,4,,8,IT,6.11,Startup
899,frammeoy@zdnet.com,0,83.963,93.705,99.658,71.254,68.691,78.527,65.499,,,5,IT,7.78,Service
900,hpopeoz@reuters.com,1,61.087,71.774,96.02,77.451,71.69,82.205,85.967,1,,3,EnTC,8.08,Service
901,kreichardtp0@chron.com,0,65.922,96.197,91.349,74.862,91.373,95.489,90.639,4,,2,IT,7.85,Startup
902,jventurolip1@a8.net,1,73.93,98.081,72.043,95.057,77.104,99.797,88.169,1,,2,CS,9.77,FinTech
903,rmalthousep2@earthlink.net,0,80.129,88.274,79.595,97.34,87.327,77.752,96.145,2,,1,IT,8.57,Service
904,jiwaszkiewiczp3@deliciousdays.com,1,87.804,76.694,77.198,93.896,71.365,87.069,92.479,2,,5,IT,6.48,FinTech
905,rtrimmingp4@comsenz.com,1,61.494,73.968,74.853,67.37,73.713,84.707,99.019,1,,4,IT,8.66,FinTech
906,shedleyp5@hud.gov,1,95.689,66.099,67.383,97.074,71.611,83.808,83.444,3,,8,IT,9.15,FinTech
907,mhunstonep6@weather.com,0,61.804,98.361,81.448,75.55,89.841,75.844,92.872,,2,10,EnTC,6.12,Product
908,dcockingp7@51.la,1,84.909,50.657,65.655,96.085,88.54,67.84,91.076,1,,8,EnTC,8.47,Startup
909,gpietruschkap8@topsy.com,1,94.373,57.761,86.645,78.114,69.728,74.333,90.819,,,8,EnTC,9.01,Product
910,mtrenemanp9@clickbank.net,0,87.176,51.528,98.03,77.558,65.417,69.22,75.742,5,,2,CS,9.12,FinTech
911,ajannawaypa@zimbio.com,1,87.714,51.959,77.026,96.37,71.791,87.191,80.891,,,8,CS,6.15,Startup
912,wosheapb@e-recht24.de,0,93.662,63.606,82.809,95.031,70.696,97.552,82.753,5,,8,IT,7.8,Product
913,gbookpc@github.io,1,84.028,72.75,88.623,79.114,87.194,74.45,91.456,1,2,1,EnTC,8.95,Startup
914,ayudepd@usa.gov,1,98.745,62.441,74.208,85.964,96.596,72.238,86.305,4,,3,IT,9.1,Product
915,ckeynespe@miibeian.gov.cn,0,85.782,84.162,69.335,89.453,96.229,74.781,71.045,4,5,8,IT,8.8,Startup
916,ncallinanpf@google.es,1,61.675,68.584,96.886,92.415,89.59,74.298,74.807,5,,4,EnTC,9.74,FinTech
917,tblonfieldpg@time.com,1,90.478,75.249,95.332,91.461,96.957,80.4,99.779,4,3,10,IT,9.98,Service
918,zserrelsph@github.io,1,88.398,84.779,96.573,98.269,90.438,86.878,92.205,5,,5,CS,7.38,Startup
919,mwoollonspi@woothemes.com,1,74.427,66.834,71.49,80.396,82.616,73.03,66.92,,,6,IT,9.57,FinTech
920,jbeltonpj@discovery.com,1,52.263,52.29,90.716,72.617,92.441,73.611,65.603,3,3,10,CS,8.01,FinTech
921,lledwitchpk@utexas.edu,0,57.798,70.167,84.491,97.569,75.448,71.057,69.48,,4,2,CS,7.62,Service
922,spefferpl@indiatimes.com,0,82.839,96.88,91.645,65.837,96.583,67.308,65.442,5,,4,CS,9.78,Product
923,jchevertonpm@marriott.com,1,79.34,55.277,77.865,81.376,75.727,93.14,91.126,,,2,IT,9.23,Service
924,elambalpn@scientificamerican.com,0,66.531,74.777,73.15,71.936,94.846,98.735,74.257,,2,1,EnTC,8.83,Startup
925,cclacksonpo@dion.ne.jp,0,54.506,60.8,97.85,95.06,91.553,92.49,92.236,3,,6,CS,7.64,Startup
926,bcranshawpp@bizjournals.com,1,93.696,68.196,74.348,65.091,65.891,93.458,82.395,1,5,8,IT,9.28,Service
927,tbassilpq@cpanel.net,1,80.298,92.374,67.729,71.32,98.149,73.341,78.302,1,,8,IT,9.09,Startup
928,tgreallypr@google.de,0,83.429,73.135,96.044,86.219,93.96,94.112,78.955,,,9,IT,9.03,Startup
929,mdressellps@tripod.com,1,67.949,71.947,69.469,84.969,84.134,91.238,70.835,1,2,4,CS,6.24,Service
930,aharlerpt@si.edu,0,95.02,72.735,70.768,88.094,91.542,65.829,81.903,,,9,IT,8.46,Product
931,dforkerpu@usatoday.com,1,66.759,69.906,79.43,77.15,75.468,88.421,95.806,2,,6,EnTC,9.74,Startup
932,achatellpv@sun.com,1,93.048,55.147,81.863,88.817,85.992,78.07,91.459,5,,10,CS,7.93,Product
933,bdochepw@google.com.hk,1,63.605,56.217,65.88,80.849,95.152,96.078,82.852,4,,6,IT,6.22,FinTech
934,cbrikpx@mysql.com,0,93.729,79.746,81.485,79.389,95.303,99.499,92.133,2,,2,CS,6.23,Startup
935,jdobesonpy@google.de,1,94.082,91.891,98.773,92.304,75.596,72.36,98.862,,3,8,CS,8.54,Product
936,drozyckipz@walmart.com,1,56.914,90.96,65.438,87.781,70.992,97.378,90.833,,1,4,CS,7.35,Product
937,lmcwhirterq0@businessweek.com,1,72.732,63.225,73.848,96.215,83.491,81.872,92.396,5,2,5,CS,7.62,FinTech
938,atarttq1@cpanel.net,0,76.031,53.974,87.257,84.83,98.03,89.613,88.309,5,,1,IT,8.21,FinTech
939,nbaiteyq2@skype.com,1,78.997,97.725,72.868,91.087,96.916,81.96,73.943,,,5,IT,9.98,FinTech
940,ecoursorq3@google.pl,1,58.257,96.206,65.471,68.192,83.072,92.885,84.05,,4,4,IT,6.21,Service
941,cbackshawq4@sogou.com,1,71.093,71.021,93.64,71.64,65.102,78.006,87.462,4,4,4,CS,7.86,Product
942,bcorbishleyq5@clickbank.net,0,85.126,79.322,68.87,82.006,67.596,65.056,78.023,,,1,EnTC,6.13,FinTech
943,clightningq6@cnet.com,0,64.149,59.302,82.006,78.905,98.951,96.463,80.552,1,,3,EnTC,7.28,Product
944,lhubanq7@dot.gov,1,83.894,93.406,67.064,84.573,68.519,91.725,79.242,,,10,IT,8.18,FinTech
945,jegeq8@rediff.com,1,93.797,60.514,69.016,72.138,75.484,79.899,75.941,1,,2,CS,9.72,Startup
946,mludyeq9@is.gd,0,88.225,82.712,68.184,82.42,77.378,89.77,93.644,2,,7,EnTC,8.23,Service
947,wmccarterqa@skyrock.com,0,62.864,80.309,80.46,82.57,87.532,69.761,65.781,3,,8,IT,7.68,Product
948,rleafeqb@1und1.de,1,56.163,85.406,83.129,79.806,72.648,86.023,90.446,2,,10,EnTC,7.12,Product
949,irylesqc@cisco.com,1,76.366,79.319,98.346,89.007,93.104,96.103,74.493,,,4,EnTC,6.36,Product
950,pcohaniqd@google.co.uk,1,63.646,50.919,85.991,93.296,99.953,72.773,69.332,,,4,CS,7.85,Service
951,zcolebourneqe@shinystat.com,0,75.728,95.13,66.256,67.878,78.342,90.406,94.686,,,6,IT,7.52,Product
952,ngraddellqf@state.tx.us,1,62.701,99.346,90.821,83.295,71.603,99.167,93.179,,3,8,CS,9.48,FinTech
953,fweinbergqg@cnn.com,0,58.176,68.512,95.968,84.819,86.209,77.49,94.375,,4,2,EnTC,9.27,Startup
954,npateqh@washingtonpost.com,0,70.397,54.644,83.485,89.448,73.256,79.763,88.844,5,,9,EnTC,9.52,Startup
955,mmacguinessqi@cbsnews.com,1,87.067,69.067,93.733,80.433,69.883,73.472,99.22,2,5,3,EnTC,7.55,FinTech
956,lithellqj@sina.com.cn,0,63.19,88.771,68.236,93.06,91.144,98.307,84.703,,3,2,IT,7.18,FinTech
957,rkearqk@elegantthemes.com,1,93.857,63.618,70.208,92.793,73.297,85.674,72.213,3,,9,CS,9.39,Service
958,narnattql@imageshack.us,0,79.387,94.094,78.623,94.646,68.043,95.992,72.339,2,,8,EnTC,9.18,Startup
959,dswayneqm@mysql.com,1,84.74,96.344,90.809,80.802,83.409,98.587,77.072,,,6,IT,9.16,Startup
960,tnearsqn@paginegialle.it,1,90.181,91.169,67.481,81.769,94.655,97.167,81.556,1,,8,CS,6.87,FinTech
961,dmilberryqo@123-reg.co.uk,1,51.733,64.06,94.717,72.165,96.222,92.96,69.17,5,,3,CS,7.58,Service
962,tpollingtonqp@phoca.cz,1,59.665,96.699,75.209,99.807,74.712,95.312,67.078,,,2,EnTC,6.15,Product
963,zetienneqq@linkedin.com,0,69.278,70.048,72.631,67.274,77.288,75.471,83.838,1,,10,IT,9.31,Service
964,mhamblingqr@ow.ly,1,77.411,95.249,86.875,93.907,95.517,87.818,91.406,3,,4,EnTC,9.25,FinTech
965,rzellandqs@paginegialle.it,1,56.796,83.665,97.899,67.234,85.247,87.927,83.286,4,,9,EnTC,9.04,Service
966,dreeseqt@purevolume.com,1,65.924,52.379,80.369,84.702,88.013,75.291,70.259,4,,6,IT,6.05,Startup
967,gvaniniqu@geocities.jp,0,98.268,87.111,77.993,92.158,71.638,97.207,79.895,,,2,IT,9.18,Service
968,gtribbeckqv@geocities.jp,1,67.759,85.381,76.375,75.4,92.481,79.812,72.494,4,,7,IT,6.35,Product
969,pcockerqw@amazonaws.com,0,85.95,81.7,86.827,84.856,95.362,71.473,96.066,4,1,1,IT,8.51,Product
970,dwateridgeqx@sohu.com,0,53.492,84.237,74.488,70.317,83.737,68.941,94.426,1,,5,CS,6.52,Service
971,rgodlemanqy@prweb.com,0,72.943,99.865,70.101,84.589,68.923,84.308,75.832,2,,5,EnTC,9.43,Startup
972,dmachargqz@about.com,1,73.499,95.362,96.18,91.091,81.727,93.567,91.233,5,,9,CS,9.35,Product
973,mmilsomr0@deliciousdays.com,0,99.354,74.2,86.921,77.98,81.909,76.317,94.847,4,,3,EnTC,6.5,Startup
974,bdaillyr1@opensource.org,1,84.808,81.282,98.214,72.99,81.665,93.05,99.368,4,4,9,CS,7.61,Service
975,bfiorentinor2@wired.com,1,88.548,97.095,93.563,71.511,79.216,94.876,78.104,4,,1,EnTC,8.51,Startup
976,fdemetzr3@msn.com,0,59.326,87.469,75.255,66.284,79.847,86.655,92.151,2,1,1,CS,7.94,Startup
977,polphertr4@ted.com,0,92.453,52.57,66.514,68.268,85.202,86.326,81.031,5,,2,EnTC,7.17,FinTech
978,gvynehallr5@skype.com,0,70.556,80.807,93.965,69.152,98.543,85.548,76.985,1,,4,IT,9.72,FinTech
979,crapkinsr6@columbia.edu,0,60.578,52.887,97.427,85.05,89.377,77.901,93.046,4,4,1,EnTC,9.48,Service
980,csamsonsenr7@netlog.com,0,51.785,53.699,75.928,80.614,92.617,67.054,87.941,3,,2,EnTC,7.46,Product
981,mlookr8@mac.com,0,57.468,61.963,82.001,66.553,65.333,71.377,67.199,,4,8,IT,9.58,FinTech
982,lburghallr9@freewebs.com,0,74.91,87.406,99.623,73.594,88.865,86.264,99.516,3,,10,CS,8.37,Product
983,jpolonra@cisco.com,1,95.704,60.668,86.872,67.297,75.563,99.393,74.806,2,1,8,IT,8.5,Product
984,cspontonrb@cmu.edu,1,95.686,54.831,73.469,85.708,82.04,85.577,68.569,1,,6,EnTC,8.33,FinTech
985,edalstonrc@army.mil,1,66.413,96.838,81.03,71.715,76.991,93.443,72.287,2,,1,IT,8.27,Startup
986,bdemeadrd@washingtonpost.com,0,69.003,78.942,76.867,71.672,79.698,74.405,76.081,2,4,2,EnTC,8.48,Product
987,ttommaseore@photobucket.com,0,89.118,81.51,92.421,74.264,68.037,91.006,66.082,3,,1,EnTC,8.02,FinTech
988,ybarkworthrf@simplemachines.org,0,90.928,58.754,72.871,74.275,88.403,83.763,77.033,1,,6,EnTC,7.59,FinTech
989,htopperrg@msu.edu,1,72.222,58.236,86.17,79.274,65.082,86.345,72.009,,,2,CS,7.73,Startup
990,tgronauerrh@ocn.ne.jp,0,79.852,96.545,74.265,84.3,90.233,86.101,82.969,,,9,IT,7.72,Startup
991,mpenroseri@com.com,1,90.889,77.885,92.729,70.482,89.739,82.943,75.202,4,,8,CS,8.05,FinTech
992,mmapplethorperj@census.gov,1,77.371,64.127,67.102,76.887,79.643,80.407,78.909,1,,8,IT,7.21,Product
993,kbumpasrk@tuttocitta.it,0,54.218,54.197,75.808,98.403,84.243,82.787,93.394,5,,9,IT,7.02,FinTech
994,hellensrl@netscape.com,0,62.76,51.161,91.942,96.867,72.743,92.677,76.741,,,3,IT,8.31,Service
995,fzuporm@sbwire.com,1,65.215,72.386,97.444,81.562,68.733,94.345,87.047,5,,5,EnTC,9.52,Startup
996,sandriolirn@phoca.cz,0,55.238,74.467,65.825,81.39,81.422,94.143,67.678,1,,1,CS,7.43,Product
997,abreckenridgero@scientificamerican.com,0,87.214,65.107,84.082,79.232,74.479,83.047,73.572,2,,3,CS,6.01,Startup
998,bhoveerp@list-manage.com,1,94.422,52.768,66.747,85.937,74.15,65.733,95.84,,5,6,IT,6.15,Startup
999,ldwanerq@china.com.cn,1,58.618,66.06,78.672,79.128,79.021,70.269,81.311,3,1,6,EnTC,9.0,FinTech
1000,risaaksohnrr@vimeo.com,1,56.164,67.453,68.562,97.099,95.662,93.411,73.392,4,1,7,IT,8.6,Startup
